date,player,team,pos,mentions,videos,channels,reach
2026-10-03,AK Dear,BAMA,RB,1,1,1,3.5
2026-10-03,Aaron Philo,UF,QB,4,2,2,15.4
2026-10-03,Abu Sama III,WISC,RB,9,3,3,32.7
2026-10-03,Ahmad Hardy,MIZZ,RB,1,1,1,5.0
2026-10-03,Aiden Flora,ISU,RB,14,6,5,124.3
2026-10-03,Amari Thomas,FSU,RB,7,5,5,36.6
2026-10-03,Andrew Marsh,MICH,WR,32,6,5,177.5
2026-10-03,Aneyas Williams,ND,RB,4,3,3,39.2
2026-10-03,Anthony Evans III,MSST,WR,17,5,5,111.1
2026-10-03,Apollo Payne,IOWA,WR,6,2,2,31.6
2026-10-03,Ashton Daniels,FSU,QB,27,5,5,116.6
2026-10-03,Austin Simmons,MIZZ,QB,16,5,5,96.9
2026-10-03,Bailey Stockton,UF,WR,3,3,3,11.9
2026-10-03,Beau Pribula,UVA,QB,8,2,2,29.3
2026-10-03,Bennett Christian,OSU,WR,1,1,1,6.2
2026-10-03,Billy Edwards Jr.,UNC,QB,3,3,3,22.7
2026-10-03,Blaze Berlowitz,VAND,QB,1,1,1,16.5
2026-10-03,Brady Hunt,SCAR,WR,1,1,1,1.2
2026-10-03,Braylon Staley,TENN,WR,6,4,4,20.1
2026-10-03,Bryce Underwood,MICH,QB,29,5,5,132.3
2026-10-03,CJ Baxter,UK,RB,10,5,5,46.3
2026-10-03,CJ Carr,ND,QB,8,3,3,30.0
2026-10-03,Cam Ball,WVU,WR,22,3,3,90.7
2026-10-03,Cam Cook,WVU,RB,23,5,5,171.0
2026-10-03,Cam Edwards,MSU,RB,4,4,4,26.2
2026-10-03,Chas Nimrod,AUB,WR,5,4,4,16.6
2026-10-03,Chauncey Bowens,UGA,RB,7,5,5,38.1
2026-10-03,Chris Brooks Jr.,WISC,WR,1,1,1,3.5
2026-10-03,Claiborne Richards,VAND,WR,1,1,1,3.5
2026-10-03,Colton Joseph,WISC,QB,15,6,4,127.3
2026-10-03,Craig Dandridge,UGA,WR,1,1,1,16.5
2026-10-03,DJ Miller,UK,WR,2,2,2,8.4
2026-10-03,Dakota Twitty,UVA,WR,1,1,1,3.5
2026-10-03,Dallas Wilson,UF,WR,7,4,4,53.3
2026-10-03,Daniel Hill,BAMA,RB,2,2,2,8.4
2026-10-03,Darius Taylor,MINN,RB,5,4,4,31.1
2026-10-03,Daune Morris,TENN,RB,1,1,1,3.5
2026-10-03,DeSean Bishop,TENN,RB,16,5,5,64.9
2026-10-03,DeShawn Spencer,AUB,WR,9,4,4,28.3
2026-10-03,Demon June,UNC,RB,2,2,2,9.6
2026-10-03,Deuce Adams,WISC,QB,21,5,5,143.6
2026-10-03,Dominic Overby,ISU,WR,1,1,1,5.0
2026-10-03,Drake Lindsey,MINN,QB,6,2,2,22.4
2026-10-03,Duce Robinson,FSU,WR,4,2,2,31.4
2026-10-03,Duke Clark,UF,RB,9,3,3,35.0
2026-10-03,Duke Watson,UCF,RB,4,4,4,26.2
2026-10-03,Dwight Phillips Jr.,UGA,RB,2,1,1,33.0
2026-10-03,Dylan Wade,UCF,WR,3,3,3,11.9
2026-10-03,Eli Owens,MICH,WR,2,1,1,12.3
2026-10-03,Eric Singleton Jr.,UF,WR,2,2,2,8.4
2026-10-03,Eugene Hilton Jr.,WISC,WR,3,2,2,13.4
2026-10-03,Faizon Brandon,TENN,QB,11,4,4,34.5
2026-10-03,Fluff Bothwell,MSST,RB,8,4,4,42.3
2026-10-03,Gabe Fields,VAND,RB,1,1,1,5.0
2026-10-03,Gavin Wyatt,MIZZ,WR,2,1,1,7.0
2026-10-03,Gunner Stockton,UGA,QB,4,3,3,14.7
2026-10-03,Hank Brown,IOWA,QB,2,2,2,8.4
2026-10-03,Heze Kent,UF,WR,2,1,1,81.7
2026-10-03,Hogan Hansen,MICH,WR,5,2,1,132.5
2026-10-03,Hudson Kurland,ISU,QB,1,1,1,6.2
2026-10-03,Isaac Jensen,MIZZ,WR,10,2,2,42.8
2026-10-03,JJ Buchanan,MICH,WR,20,5,5,141.6
2026-10-03,Jace Clarizio,MSU,RB,2,1,1,12.3
2026-10-03,Jacob Harris,WISC,WR,2,2,2,4.7
2026-10-03,Jaden Bray,WVU,WR,3,2,2,7.5
2026-10-03,Jamal Roberts,MIZZ,RB,5,3,3,18.1
2026-10-03,Jared Curtis,VAND,QB,5,4,4,29.6
2026-10-03,Jason Patterson,UK,RB,3,3,3,9.7
2026-10-03,Javon Tracy,MINN,WR,7,4,4,35.9
2026-10-03,Jaylen Raynor,ISU,QB,4,3,3,10.9
2026-10-03,Jekail Middlebrook,UVA,RB,5,4,4,31.1
2026-10-03,Jeremiah Cobb,AUB,RB,2,2,2,17.7
2026-10-03,Jeremiah Koger,AUB,WR,3,2,2,11.2
2026-10-03,Jeremiah Smith,OSU,WR,32,4,4,99.3
2026-10-03,Jonah Winston,FSU,WR,1,1,1,5.0
2026-10-03,Jordan Faison,ND,WR,1,1,1,5.0
2026-10-03,Jordan Marshall,MICH,RB,1,1,1,3.5
2026-10-03,Jordan Shipp,UNC,WR,3,3,3,21.2
2026-10-03,Jordyn Bailey,ISU,WR,3,1,1,14.9
2026-10-03,Josh Derry,UCF,WR,3,3,3,24.9
2026-10-03,Julian Sayin,OSU,QB,3,2,2,8.2
2026-10-03,Kamari Moulton,IOWA,RB,1,1,1,3.5
2026-10-03,Kamario Taylor,MSST,QB,30,5,5,123.7
2026-10-03,Kameron Courtney,UVA,WR,2,2,2,8.4
2026-10-03,Kash Brock,WISC,WR,1,1,1,3.5
2026-10-03,Kayden Luke,WVU,RB,1,1,1,40.9
2026-10-03,Keelon Russell,BAMA,QB,21,6,5,114.7
2026-10-03,Kenny Darby,UK,WR,13,4,4,100.2
2026-10-03,Keon Hutchins,WVU,WR,10,3,3,43.3
2026-10-03,Keyone Jenkins,UCF,QB,4,4,4,26.2
2026-10-03,Lawson Luckie,UGA,WR,3,1,1,18.5
2026-10-03,Legend Bey,OSU,RB,2,1,1,12.3
2026-10-03,London Humphreys,UGA,WR,1,1,1,3.5
2026-10-03,Makhi Hughes,UH,RB,10,5,5,100.6
2026-10-03,Malachi Coleman,WISC,WR,1,1,1,3.5
2026-10-03,Marquis Johnson,MSST,WR,1,1,1,3.5
2026-10-03,Marvis Parrish,MSU,RB,1,1,1,3.5
2026-10-03,Mason Bonner,MICH,WR,1,1,1,6.2
2026-10-03,Mason Humphrey,UNC,WR,1,1,1,6.2
2026-10-03,Mason Jordan,UF,WR,8,2,2,46.6
2026-10-03,Matt Fuller,SCAR,RB,15,5,5,116.4
2026-10-03,McCoy Smith,WISC,RB,1,1,1,3.5
2026-10-03,Micah Gilbert,ND,WR,8,3,3,51.6
2026-10-03,Micahi Danzy,FSU,WR,5,4,4,27.4
2026-10-03,Michael Hawkins Jr.,WVU,QB,37,6,5,396.5
2026-10-03,Mike Matthews,TENN,WR,7,4,4,22.9
2026-10-03,Mike Tyler,SCAR,WR,2,1,1,81.7
2026-10-03,Mikkel Skinner,UK,WR,1,1,1,3.5
2026-10-03,Nate Frazier,UGA,RB,15,4,4,123.9
2026-10-03,Noah Jennings,MINN,WR,6,4,4,30.9
2026-10-03,Noah Vaughn,UVA,RB,1,1,1,3.5
2026-10-03,Nolan James Jr.,ND,RB,6,3,3,25.0
2026-10-03,Nyck Harbor,SCAR,WR,5,3,3,15.1
2026-10-03,O'Lontae Dean,IOWA,RB,1,1,1,6.2
2026-10-03,Omari Hayes,ISU,WR,3,3,3,8.2
2026-10-03,Patrick Overmyer,UH,WR,1,1,1,3.5
2026-10-03,Pierce Walsh,MINN,WR,2,1,1,33.0
2026-10-03,Quincy Porter,ND,WR,6,1,1,37.0
2026-10-03,Quintrevion Wisner,FSU,RB,3,3,3,23.4
2026-10-03,Re'Shaun Sanford II,UH,RB,4,4,4,26.2
2026-10-03,Rico Crowder,UK,WR,1,1,1,6.2
2026-10-03,Rico Flores Jr.,UVA,WR,7,4,4,35.1
2026-10-03,Rico Scott,BAMA,WR,4,4,3,18.1
2026-10-03,Rocco Marriott,UCF,QB,1,1,1,40.9
2026-10-03,Rodney Bullard Jr.,MSU,WR,2,2,2,8.4
2026-10-03,Roman Voss,MINN,WR,1,1,1,6.2
2026-10-03,Ryan Coleman-Williams,BAMA,WR,10,3,3,69.7
2026-10-03,Ryan Mosley,UGA,WR,6,1,1,37.0
2026-10-03,Sedrick Alexander,VAND,RB,1,1,1,5.0
2026-10-03,Shamar Easter,UNC,WR,2,1,1,81.7
2026-10-03,Talyn Taylor,UGA,WR,3,3,3,9.7
2026-10-03,Thomas Meyer,IOWA,WR,2,1,1,33.0
2026-10-03,Tony Diaz,IOWA,WR,4,3,3,22.5
2026-10-03,Trent Walker,UH,WR,2,2,2,4.7
2026-10-03,Tyreek King,TENN,WR,6,2,2,23.5
2026-10-03,Tyrell Henry,WISC,WR,8,3,3,30.8
2026-10-03,Vernell Brown III,UF,WR,9,5,5,56.5
2026-10-03,Wade Penn,UGA,RB,14,5,5,384.5
2026-10-03,Will Griffin,UF,QB,1,1,1,40.9
2026-10-03,Willie Rodriguez,UK,WR,9,5,5,46.5
