date,player,dk_pos,team,in_pool,mentions,videos,channels,reach
2026-09-13,Aaron Jones Sr.,,,0,13,8,7,193.8
2026-09-13,Aaron Rodgers,QB,PIT,1,6,6,6,144.8
2026-09-13,Adonai Mitchell,WR,NYJ,1,6,4,3,166.9
2026-09-13,Alec Pierce,WR,IND,1,82,28,18,2395.6
2026-09-13,Alvin Kamara,,,0,33,20,12,727.5
2026-09-13,Amon-Ra St. Brown,WR,DET,1,105,32,21,4087.6
2026-09-13,Andrei Iosivas,WR,CIN,1,0,0,0,0.0
2026-09-13,Antonio Williams,,,0,2,2,2,52.2
2026-09-13,Ashton Jeanty,RB,LV,1,186,33,19,4885.9
2026-09-13,Baker Mayfield,QB,TB,1,130,34,22,3022.2
2026-09-13,Bears,DST,CHI,1,12,8,8,166.9
2026-09-13,Bengals,DST,CIN,1,16,10,8,300.1
2026-09-13,Bhayshul Tuten,RB,JAX,1,44,16,12,998.9
2026-09-13,Bijan Robinson,RB,ATL,1,112,34,21,3298.0
2026-09-13,Bills,DST,BUF,1,9,6,5,150.7
2026-09-13,Bo Melton,,,0,2,1,1,29.0
2026-09-13,Braelon Allen,RB,NYJ,1,3,3,3,33.0
2026-09-13,Breece Hall,RB,NYJ,1,91,30,23,2325.4
2026-09-13,Brenen Thompson,,,0,1,1,1,14.5
2026-09-13,Brenton Strange,TE,JAX,1,24,13,9,643.0
2026-09-13,Brian Robinson Jr.,RB,ATL,1,2,1,1,52.1
2026-09-13,Brian Thomas Jr.,WR,JAX,1,37,16,12,699.8
2026-09-13,Brock Bowers,,,0,192,42,26,6341.1
2026-09-13,Browns,DST,CLE,1,29,13,11,584.8
2026-09-13,Bryce Lance,,,0,14,4,3,193.0
2026-09-13,Bryce Young,QB,CAR,1,103,23,16,2793.0
2026-09-13,Buccaneers,DST,TB,1,2,2,2,21.9
2026-09-13,Bucky Irving,RB,TB,1,197,33,23,3506.2
2026-09-13,C.J. Stroud,QB,HOU,1,20,10,9,360.2
2026-09-13,Cade Otton,TE,TB,1,1,1,1,7.4
2026-09-13,Caleb Douglas,WR,MIA,1,70,21,16,3186.8
2026-09-13,Caleb Williams,QB,CHI,1,71,26,19,1500.7
2026-09-13,Calvin Ridley,WR,TEN,1,2,2,2,92.7
2026-09-13,Cam Ward,,,0,57,25,18,1569.3
2026-09-13,Cardinals,DST,ARI,1,7,7,5,113.4
2026-09-13,Carnell Tate,WR,TEN,1,36,17,12,753.9
2026-09-13,Carson Wentz,,,0,12,7,4,306.1
2026-09-13,Chargers,DST,LAC,1,10,7,6,166.2
2026-09-13,Charlie Kolar,TE,LAC,1,19,9,8,273.3
2026-09-13,Chase Brown,RB,CIN,1,158,34,24,3765.8
2026-09-13,Chig Okonkwo,,,0,7,5,5,182.5
2026-09-13,Chris Bell,WR,MIA,1,50,19,13,1308.7
2026-09-13,Chris Brooks,,,0,20,12,8,512.8
2026-09-13,Chris Godwin Jr.,,,0,138,28,20,2736.6
2026-09-13,Chris Olave,WR,NO,1,189,42,26,5977.4
2026-09-13,Chris Rodriguez Jr.,RB,JAX,1,27,13,10,563.4
2026-09-13,Christian Watson,WR,GB,1,59,20,15,1461.4
2026-09-13,Chuba Hubbard,RB,CAR,1,40,19,12,841.8
2026-09-13,Cole Kmet,TE,CHI,1,0,0,0,0.0
2026-09-13,Colston Loveland,TE,CHI,1,195,34,21,4056.5
2026-09-13,Colts,DST,IND,1,4,2,2,22.9
2026-09-13,Commanders,DST,WAS,1,4,4,4,165.7
2026-09-13,Cooper Rush,QB,ATL,1,165,28,21,3857.1
2026-09-13,D'Andre Swift,RB,CHI,1,105,32,22,2373.1
2026-09-13,DJ Giddens,,,0,2,1,1,19.2
2026-09-13,DJ Moore,WR,BUF,1,48,21,15,980.5
2026-09-13,DK Metcalf,WR,PIT,1,44,17,13,620.6
2026-09-13,Dallas Goedert,TE,PHI,1,68,23,17,1675.3
2026-09-13,Dalton Kincaid,TE,BUF,1,35,12,10,464.3
2026-09-13,Dalton Schultz,TE,HOU,1,25,15,10,642.6
2026-09-13,Daniel Jones,QB,IND,1,89,26,19,2351.9
2026-09-13,Darnell Washington,TE,PIT,1,5,4,3,115.7
2026-09-13,Darren Waller,TE,CAR,1,18,12,9,307.4
2026-09-13,David Montgomery,RB,HOU,1,121,32,22,2674.3
2026-09-13,David Njoku,,,0,3,2,2,59.3
2026-09-13,Dawson Knox,TE,BUF,1,1,1,1,33.4
2026-09-13,De'Von Achane,RB,MIA,1,219,41,23,8231.7
2026-09-13,DeVonta Smith,WR,PHI,1,43,22,15,1117.8
2026-09-13,Denzel Boston,WR,CLE,1,12,10,9,467.3
2026-09-13,Derrick Henry,RB,BAL,1,137,29,19,3924.0
2026-09-13,Deshaun Watson,QB,CLE,1,43,22,18,1270.1
2026-09-13,Devaughn Vele,WR,NO,1,46,21,14,1617.8
2026-09-13,Dolphins,DST,MIA,1,4,3,3,59.1
2026-09-13,Dontayvion Wicks,WR,PHI,1,0,0,0,0.0
2026-09-13,Drake London,WR,ATL,1,71,27,16,3811.0
2026-09-13,Drew Sample,,,0,3,3,2,137.6
2026-09-13,Eagles,DST,PHI,1,19,12,10,405.5
2026-09-13,Elic Ayomanor,,,0,17,9,8,347.2
2026-09-13,Elijah Higgins,,,0,7,2,1,135.5
2026-09-13,Emeka Egbuka,WR,TB,1,14,4,4,336.0
2026-09-13,Erick All Jr.,,,0,38,20,12,22702.4
2026-09-13,Falcons,DST,ATL,1,4,3,3,58.8
2026-09-13,Fernando Mendoza,,,0,2,2,2,23.3
2026-09-13,Foster Moreau,,,0,4,2,2,1005.3
2026-09-13,Garrett Wilson,WR,NYJ,1,149,36,24,4700.4
2026-09-13,Geno Smith,QB,NYJ,1,107,28,20,5005.3
2026-09-13,Greg Dulcich,TE,MIA,1,18,12,10,380.6
2026-09-13,Gunnar Helm,TE,TEN,1,6,4,3,110.1
2026-09-13,Harold Fannin Jr.,TE,CLE,1,52,16,13,855.8
2026-09-13,Hollywood Brown,,,0,4,4,4,166.8
2026-09-13,Isaac TeSlaa,WR,DET,1,2,2,2,27.6
2026-09-13,Isaiah Bond,,,0,2,2,2,35.2
2026-09-13,Isiah Pacheco,,,0,12,10,7,560.3
2026-09-13,J.J. McCarthy,,,0,27,13,10,575.9
2026-09-13,Ja'Kobi Lane,WR,BAL,1,0,0,0,0.0
2026-09-13,Ja'Marr Chase,WR,CIN,1,454,45,27,10325.9
2026-09-13,Jack Bech,WR,LV,1,0,0,0,0.0
2026-09-13,Jack Strand,,,0,8,6,6,149.2
2026-09-13,Jacob Saylors,,,0,9,9,6,215.0
2026-09-13,Jacoby Brissett,QB,ARI,1,61,21,14,1759.6
2026-09-13,Jacory Croskey-Merritt,RB,WAS,1,0,0,0,0.0
2026-09-13,Jaguars,DST,JAX,1,9,6,6,202.6
2026-09-13,Jahan Dotson,WR,ATL,1,0,0,0,0.0
2026-09-13,Jahdae Walker,,,0,12,8,7,266.2
2026-09-13,Jahmyr Gibbs,RB,DET,1,757,45,27,21798.8
2026-09-13,Jakobi Meyers,WR,JAX,1,0,0,0,0.0
2026-09-13,Jalen Coker,WR,CAR,1,91,32,22,1905.9
2026-09-13,Jalen Hurts,QB,PHI,1,1,1,1,17.3
2026-09-13,Jalen Nailor,WR,LV,1,37,16,11,1006.8
2026-09-13,Jalen Tolbert,WR,MIA,1,8,6,5,555.7
2026-09-13,James Cook III,,,0,74,26,16,1731.2
2026-09-13,Jameson Williams,WR,DET,1,88,27,15,2698.2
2026-09-13,Jared Goff,QB,DET,1,170,35,25,3845.6
2026-09-13,Jauan Jennings,WR,MIN,1,8,7,6,302.9
2026-09-13,Jawhar Jordan,,,0,62,22,14,12798.4
2026-09-13,Jayden Daniels,QB,WAS,1,68,27,19,1661.0
2026-09-13,Jayden Reed,WR,GB,1,83,24,17,2224.1
2026-09-13,Jaylen Warren,RB,PIT,1,40,15,13,888.5
2026-09-13,Jaylin Noel,WR,HOU,1,2,1,1,12.2
2026-09-13,Jelani Woods,,,0,1,1,1,14.5
2026-09-13,Jeremiyah Love,RB,ARI,1,0,0,0,0.0
2026-09-13,Jerry Jeudy,WR,CLE,1,7,4,4,200.9
2026-09-13,Jets,DST,NYJ,1,32,13,12,809.9
2026-09-13,Joe Burrow,QB,CIN,1,321,43,28,7825.5
2026-09-13,Joe Flacco,,,0,3,2,2,52.9
2026-09-13,Jonathan Taylor,RB,IND,1,121,33,22,3615.2
2026-09-13,Jonathon Brooks,RB,CAR,1,0,0,0,0.0
2026-09-13,Jordan Addison,WR,MIN,1,36,15,11,943.2
2026-09-13,Jordan Love,QB,GB,1,57,23,20,1046.2
2026-09-13,Jordan Mason,RB,MIN,1,33,14,12,519.1
2026-09-13,Jordyn Tyson,,,0,33,21,14,1747.0
2026-09-13,Josh Allen,QB,BUF,1,138,30,22,2958.5
2026-09-13,Josh Downs,WR,IND,1,31,16,11,2369.4
2026-09-13,Josh Oliver,TE,MIN,1,0,0,0,0.0
2026-09-13,Joshua Palmer,WR,BUF,1,0,0,0,0.0
2026-09-13,Justice Hill,RB,BAL,1,11,7,6,230.5
2026-09-13,Justin Herbert,QB,LAC,1,281,39,24,6987.2
2026-09-13,Justin Jefferson,WR,MIN,1,158,35,23,3597.8
2026-09-13,Juwan Johnson,TE,NO,1,205,40,24,7296.4
2026-09-13,KC Concepcion,WR,CLE,1,25,10,7,461.4
2026-09-13,Kalif Raymond,WR,CHI,1,1,1,1,19.9
2026-09-13,Kayshon Boutte,WR,HOU,1,0,0,0,0.0
2026-09-13,Keaton Mitchell,RB,LAC,1,38,11,7,1220.7
2026-09-13,Keenan Allen,WR,IND,1,28,15,13,1001.9
2026-09-13,Kendre Miller,,,0,8,6,5,150.7
2026-09-13,Kendrick Bourne,WR,ARI,1,3,3,3,52.5
2026-09-13,Kenny Gainwell,,,0,94,25,18,1761.6
2026-09-13,Kenyon Sadiq,TE,NYJ,1,1,1,1,7.4
2026-09-13,Keon Coleman,WR,BUF,1,8,5,2,222.7
2026-09-13,Khalil Shakir,WR,BUF,1,20,11,9,305.1
2026-09-13,Kimani Vidal,,,0,5,4,4,497.5
2026-09-13,Kirk Cousins,QB,LV,1,67,25,18,1769.7
2026-09-13,Kyle Monangai,RB,CHI,1,23,14,12,761.7
2026-09-13,Kyle Pitts Sr.,TE,ATL,1,33,17,12,597.1
2026-09-13,Kyler Murray,QB,MIN,1,246,35,23,6197.3
2026-09-13,Ladd McConkey,WR,LAC,1,3,3,3,43.7
2026-09-13,Lamar Jackson,QB,BAL,1,109,32,21,3804.2
2026-09-13,LeQuint Allen Jr.,,,0,3,3,2,80.1
2026-09-13,Lions,DST,DET,1,8,7,6,274.1
2026-09-13,Luke McCaffrey,,,0,14,8,6,459.2
2026-09-13,Luther Burden III,WR,CHI,1,152,34,22,3384.2
2026-09-13,Makai Lemon,WR,PHI,1,26,20,14,715.6
2026-09-13,Malachi Corley,,,0,3,3,3,81.0
2026-09-13,Malik Washington,WR,MIA,1,25,15,10,859.8
2026-09-13,Malik Willis,QB,MIA,1,217,31,21,6574.0
2026-09-13,MarShawn Lloyd,RB,GB,1,210,42,23,5935.8
2026-09-13,Mark Andrews,TE,BAL,1,88,30,21,2505.6
2026-09-13,Marlin Klein,,,0,1,1,1,14.5
2026-09-13,Marvin Harrison Jr.,WR,ARI,1,88,23,16,2054.9
2026-09-13,Mason Taylor,TE,NYJ,1,19,7,7,623.4
2026-09-13,Matthew Golden,WR,GB,1,47,18,14,855.8
2026-09-13,Michael Mayer,TE,LV,1,353,39,25,10540.6
2026-09-13,Michael Pittman Jr.,WR,PIT,1,62,23,15,1628.6
2026-09-13,Michael Wilson,WR,ARI,1,62,23,14,1779.7
2026-09-13,Mike Gesicki,TE,CIN,1,0,0,0,0.0
2026-09-13,Mike Washington Jr.,RB,LV,1,34,17,12,1069.4
2026-09-13,Mitchell Evans,,,0,21,13,9,485.0
2026-09-13,Nick Singleton,,,0,1,1,1,26.0
2026-09-13,Nico Collins,WR,HOU,1,80,23,15,1428.4
2026-09-13,Omar Cooper Jr.,WR,NYJ,1,1,1,1,23.9
2026-09-13,Omarion Hampton,RB,LAC,1,238,37,25,7587.5
2026-09-13,Packers,DST,GB,1,3,3,3,47.0
2026-09-13,Panthers,DST,CAR,1,2,2,2,33.3
2026-09-13,Parker Washington,WR,JAX,1,109,31,21,2869.6
2026-09-13,Pat Freiermuth,TE,PIT,1,0,0,0,0.0
2026-09-13,Quentin Johnston,WR,LAC,1,63,25,15,1663.0
2026-09-13,Quinshon Judkins,RB,CLE,1,16,7,7,301.4
2026-09-13,Rachaad White,RB,WAS,1,14,10,7,267.6
2026-09-13,Raiders,DST,LV,1,14,9,8,314.1
2026-09-13,Rashod Bateman,WR,BAL,1,32,12,9,461.5
2026-09-13,Ravens,DST,BAL,1,9,5,4,166.5
2026-09-13,Ray Davis,,,0,1,1,1,4.0
2026-09-13,Rico Dowdle,RB,PIT,1,20,11,9,341.6
2026-09-13,Roman Wilson,WR,PIT,1,0,0,0,0.0
2026-09-13,Rome Odunze,WR,CHI,1,8,2,2,188.5
2026-09-13,Saints,DST,NO,1,4,3,3,51.5
2026-09-13,Sam LaPorta,TE,DET,1,89,31,21,1707.5
2026-09-13,Samaje Perine,RB,CIN,1,3,3,3,59.5
2026-09-13,Saquon Barkley,RB,PHI,1,150,38,23,4570.7
2026-09-13,Steelers,DST,PIT,1,16,12,9,318.8
2026-09-13,Stefon Diggs,WR,WAS,1,20,9,8,508.7
2026-09-13,T.J. Hockenson,TE,MIN,1,21,13,10,629.3
2026-09-13,Tank Bigsby,RB,PHI,1,0,0,0,0.0
2026-09-13,Tank Dell,,,0,1,1,1,9.2
2026-09-13,Tanner Hudson,,,0,1,1,1,160.8
2026-09-13,Ted Hurst III,,,0,41,14,11,827.7
2026-09-13,Tee Higgins,WR,CIN,1,0,0,0,0.0
2026-09-13,Terry McLaurin,WR,WAS,1,20,15,13,426.4
2026-09-13,Tetairoa McMillan,WR,CAR,1,6,4,4,112.1
2026-09-13,Texans,DST,HOU,1,14,7,7,177.7
2026-09-13,Titans,DST,TEN,1,12,9,8,187.7
2026-09-13,Tommy Tremble,TE,CAR,1,3,3,3,58.5
2026-09-13,Tony Pollard,RB,TEN,1,46,13,10,1027.9
2026-09-13,Travis Etienne Jr.,RB,NO,1,97,26,15,2514.7
2026-09-13,Travis Hunter,,,0,8,5,5,721.6
2026-09-13,Tre Tucker,WR,LV,1,265,36,22,6808.7
2026-09-13,Tre' Harris,WR,LAC,1,24,8,7,303.4
2026-09-13,Trevor Lawrence,QB,JAX,1,101,27,18,2367.8
2026-09-13,Trey McBride,TE,ARI,1,198,32,21,4440.2
2026-09-13,Tucker Kraft,TE,GB,1,50,18,12,992.9
2026-09-13,Tyjae Spears,RB,TEN,1,7,6,5,165.9
2026-09-13,Tyler Allgeier,RB,ARI,1,13,11,9,431.0
2026-09-13,Tyler Shough,QB,NO,1,194,37,23,7410.7
2026-09-13,Tyler Warren,TE,IND,1,58,27,18,1491.7
2026-09-13,Vikings,DST,MIN,1,21,13,10,1031.3
2026-09-13,Wan'Dale Robinson,WR,TEN,1,4,4,4,62.3
2026-09-13,Woody Marks,RB,HOU,1,21,12,9,586.1
2026-09-13,Xavier Hutchinson,WR,HOU,1,6,6,6,104.8
2026-09-13,Xavier Legette,WR,CAR,1,3,3,3,46.6
2026-09-13,Zachariah Branch,,,0,7,6,6,128.6
2026-09-13,Zay Flowers,WR,BAL,1,177,37,21,5169.5
2026-09-20,49ers,DST,SF,1,10,6,6,223.6
2026-09-20,A.J. Brown,,,0,91,39,25,2262.7
2026-09-20,AJ Barner,TE,SEA,1,3,3,3,66.2
2026-09-20,Aaron Jones Sr.,,,0,469,43,26,10316.5
2026-09-20,Aaron Rodgers,QB,PIT,1,11,9,8,197.9
2026-09-20,Adam Trautman,TE,DEN,1,0,0,0,0.0
2026-09-20,Adonai Mitchell,WR,NYJ,1,7,7,6,194.0
2026-09-20,Alvin Kamara,RB,NO,1,9,7,7,182.2
2026-09-20,Ameer Abdullah,,,0,3,3,2,41.6
2026-09-20,Andrei Iosivas,WR,CIN,1,0,0,0,0.0
2026-09-20,Antonio Williams,WR,WAS,1,59,23,15,1242.5
2026-09-20,Ashton Jeanty,RB,LV,1,180,44,27,4869.2
2026-09-20,Baker Mayfield,QB,TB,1,274,37,24,5958.5
2026-09-20,Bears,DST,CHI,1,37,22,17,847.1
2026-09-20,Bengals,DST,CIN,1,21,17,13,396.0
2026-09-20,Bhayshul Tuten,RB,JAX,1,32,15,10,806.1
2026-09-20,Bijan Robinson,RB,ATL,1,280,48,27,8404.5
2026-09-20,Bo Melton,,,0,1,1,1,108.1
2026-09-20,Bo Nix,QB,DEN,1,2,1,1,27.5
2026-09-20,Braelon Allen,RB,NYJ,1,3,3,3,56.5
2026-09-20,Breece Hall,RB,NYJ,1,161,40,26,3387.1
2026-09-20,Brenen Thompson,,,0,2,2,2,26.1
2026-09-20,Brenton Strange,TE,JAX,1,16,11,9,323.1
2026-09-20,Brian Robinson Jr.,RB,ATL,1,6,5,5,97.2
2026-09-20,Brian Thomas Jr.,WR,JAX,1,23,15,13,369.7
2026-09-20,Brock Bowers,,,0,99,38,23,3122.7
2026-09-20,Brock Purdy,QB,SF,1,133,43,26,3480.2
2026-09-20,Broncos,DST,DEN,1,26,14,11,544.1
2026-09-20,Browns,DST,CLE,1,23,14,11,467.4
2026-09-20,Bryce Lance,WR,NO,1,17,6,6,125.1
2026-09-20,Bryce Young,QB,CAR,1,177,45,25,4836.8
2026-09-20,Buccaneers,DST,TB,1,16,9,9,660.8
2026-09-20,Bucky Irving,RB,TB,1,304,44,27,7135.2
2026-09-20,C.J. Stroud,QB,HOU,1,59,21,15,2042.4
2026-09-20,Cade Otton,TE,TB,1,1,1,1,12.1
2026-09-20,Caleb Douglas,WR,MIA,1,73,28,24,1436.2
2026-09-20,Caleb Williams,QB,CHI,1,134,44,28,3865.4
2026-09-20,Calvin Ridley,WR,TEN,1,7,5,5,112.1
2026-09-20,Cam Ward,,,0,40,23,15,1011.6
2026-09-20,Cardinals,DST,ARI,1,17,9,8,309.9
2026-09-20,Carnell Tate,WR,TEN,1,27,15,14,511.0
2026-09-20,Carson Wentz,QB,MIN,1,401,53,30,10248.4
2026-09-20,CeeDee Lamb,WR,DAL,1,260,50,28,7138.3
2026-09-20,Chargers,DST,LAC,1,14,11,9,236.9
2026-09-20,Charlie Kolar,,,0,9,6,5,145.4
2026-09-20,Chase Brown,RB,CIN,1,70,26,18,1899.8
2026-09-20,Chig Okonkwo,,,0,14,10,6,364.3
2026-09-20,Chris Bell,WR,MIA,1,13,10,9,223.6
2026-09-20,Chris Brooks,RB,GB,1,14,11,9,416.6
2026-09-20,Chris Godwin Jr.,,,0,50,22,16,1063.6
2026-09-20,Chris Moore,,,0,9,6,6,80.1
2026-09-20,Chris Olave,WR,NO,1,83,36,22,2226.0
2026-09-20,Chris Rodriguez Jr.,RB,JAX,1,7,7,6,132.0
2026-09-20,Christian McCaffrey,RB,SF,1,352,49,28,8908.0
2026-09-20,Christian Watson,WR,GB,1,139,47,25,4056.7
2026-09-20,Chuba Hubbard,RB,CAR,1,120,35,21,2500.6
2026-09-20,Cole Kmet,TE,CHI,1,1,1,1,72.3
2026-09-20,Colson Yankoff,,,0,2,2,2,75.3
2026-09-20,Colston Loveland,TE,CHI,1,292,49,26,9260.1
2026-09-20,Commanders,DST,WAS,1,5,5,5,87.7
2026-09-20,Cooper Kupp,WR,SEA,1,0,0,0,0.0
2026-09-20,Cooper Rush,QB,ATL,1,162,44,25,3788.1
2026-09-20,Courtland Sutton,WR,DEN,1,23,14,10,849.1
2026-09-20,Cowboys,DST,DAL,1,15,10,8,350.4
2026-09-20,D'Andre Swift,RB,CHI,1,160,42,23,4579.9
2026-09-20,DK Metcalf,WR,PIT,1,84,24,17,1370.0
2026-09-20,Dak Prescott,QB,DAL,1,108,38,25,2967.7
2026-09-20,Dallas Goedert,TE,PHI,1,63,29,18,1649.8
2026-09-20,Dalton Schultz,TE,HOU,1,325,43,24,7153.9
2026-09-20,Darnell Washington,TE,PIT,1,2,2,2,21.2
2026-09-20,Darren Waller,TE,CAR,1,21,10,7,255.6
2026-09-20,David Montgomery,RB,HOU,1,151,40,23,4495.3
2026-09-20,David Njoku,TE,LAC,1,40,14,10,693.5
2026-09-20,De'Von Achane,RB,MIA,1,116,39,25,2914.3
2026-09-20,DeMario Douglas,WR,NE,1,38,17,15,1279.1
2026-09-20,DeVonta Smith,WR,PHI,1,26,16,12,621.8
2026-09-20,DeeJay Dallas,,,0,10,8,7,214.7
2026-09-20,Deebo Samuel Sr.,,,0,68,26,21,1124.7
2026-09-20,Demarcus Robinson,WR,SF,1,26,15,11,1030.3
2026-09-20,Denzel Boston,WR,CLE,1,46,17,13,902.0
2026-09-20,Derrick Henry,RB,BAL,1,286,49,29,7463.5
2026-09-20,Deshaun Watson,QB,CLE,1,77,32,22,1769.2
2026-09-20,Devaughn Vele,WR,NO,1,37,19,14,878.5
2026-09-20,Devontez Walker,,,0,10,7,6,139.4
2026-09-20,Dolphins,DST,MIA,1,12,6,5,338.9
2026-09-20,Dontayvion Wicks,WR,PHI,1,0,0,0,0.0
2026-09-20,Drake London,WR,ATL,1,83,25,19,1409.0
2026-09-20,Drake Maye,QB,NE,1,0,0,0,0.0
2026-09-20,Drew Lock,QB,SEA,1,143,41,24,3387.8
2026-09-20,Eagles,DST,PHI,1,31,14,10,961.4
2026-09-20,Eli Raridon,,,0,4,4,4,100.2
2026-09-20,Elijah Sarratt,,,0,18,12,11,463.8
2026-09-20,Emari Demercado,RB,DAL,1,0,0,0,0.0
2026-09-20,Emeka Egbuka,WR,TB,1,15,8,8,198.6
2026-09-20,Evan Engram,TE,DEN,1,0,0,0,0.0
2026-09-20,Falcons,DST,ATL,1,6,5,5,65.6
2026-09-20,Foster Moreau,,,0,1,1,1,10.1
2026-09-20,Garrett Wilson,WR,NYJ,1,176,43,26,3186.8
2026-09-20,Geno Smith,QB,NYJ,1,90,26,16,2032.6
2026-09-20,George Holani,RB,SEA,1,13,9,7,291.0
2026-09-20,George Kittle,TE,SF,1,0,0,0,0.0
2026-09-20,George Pickens,WR,DAL,1,217,49,29,6060.0
2026-09-20,Germie Bernard,WR,PIT,1,11,8,6,181.4
2026-09-20,Greg Dulcich,TE,MIA,1,11,8,7,178.4
2026-09-20,Gunnar Helm,TE,TEN,1,6,5,5,176.7
2026-09-20,Harold Fannin Jr.,TE,CLE,1,51,21,16,811.3
2026-09-20,Hunter Henry,TE,NE,1,48,12,11,836.5
2026-09-20,Isaiah Williams,,,0,2,2,2,41.0
2026-09-20,J.J. McCarthy,,,0,17,11,9,472.6
2026-09-20,J.K. Dobbins,RB,DEN,1,39,14,12,993.8
2026-09-20,Ja'Marr Chase,WR,CIN,1,314,48,29,6544.3
2026-09-20,Jacoby Brissett,QB,ARI,1,36,20,12,647.1
2026-09-20,Jacory Croskey-Merritt,RB,WAS,1,0,0,0,0.0
2026-09-20,Jadarian Price,RB,SEA,1,51,21,14,1048.1
2026-09-20,Jaguars,DST,JAX,1,10,5,4,278.8
2026-09-20,Jahan Dotson,WR,ATL,1,0,0,0,0.0
2026-09-20,Jake Ferguson,TE,DAL,1,62,22,16,1444.7
2026-09-20,Jakobi Meyers,WR,JAX,1,0,0,0,0.0
2026-09-20,Jalen Coker,WR,CAR,1,236,46,27,5810.7
2026-09-20,Jalen Hurts,QB,PHI,1,0,0,0,0.0
2026-09-20,Jalen McMillan,WR,TB,1,0,0,0,0.0
2026-09-20,Jalen Nailor,WR,LV,1,0,0,0,0.0
2026-09-20,Jared Wayne,,,0,7,4,4,172.9
2026-09-20,Jauan Jennings,,,0,32,17,12,716.6
2026-09-20,Javonte Williams,RB,DAL,1,293,50,28,8766.5
2026-09-20,Jawhar Jordan,,,0,38,13,11,560.1
2026-09-20,Jaxon Smith-Njigba,WR,SEA,1,210,39,24,4298.3
2026-09-20,Jayden Daniels,QB,WAS,1,243,45,24,8452.8
2026-09-20,Jayden Reed,WR,GB,1,75,31,20,2345.3
2026-09-20,Jaylen Waddle,WR,DEN,1,109,29,20,2404.6
2026-09-20,Jaylen Warren,RB,PIT,1,16,9,8,316.8
2026-09-20,Jaylen Wright,,,0,4,2,2,45.1
2026-09-20,Jaylin Lane,,,0,55,26,17,1348.9
2026-09-20,Jaylin Noel,WR,HOU,1,18,11,9,338.1
2026-09-20,Jeremiyah Love,RB,ARI,1,0,0,0,0.0
2026-09-20,Jerry Jeudy,WR,CLE,1,11,8,7,243.6
2026-09-20,Jets,DST,NYJ,1,32,16,12,1089.1
2026-09-20,Jimmy Horn Jr.,,,0,3,3,3,46.2
2026-09-20,Joe Burrow,QB,CIN,1,132,39,24,3010.5
2026-09-20,Joe Flacco,,,0,2,2,1,68.8
2026-09-20,John Bates,,,0,16,13,12,334.5
2026-09-20,Jonah Coleman,,,0,25,11,9,559.7
2026-09-20,Jonathon Brooks,RB,CAR,1,0,0,0,0.0
2026-09-20,Jonnu Smith,TE,GB,1,0,0,0,0.0
2026-09-20,Jordan Addison,WR,MIN,1,113,31,21,2379.0
2026-09-20,Jordan James,,,0,26,11,10,476.2
2026-09-20,Jordan Love,QB,GB,1,120,37,22,3183.1
2026-09-20,Jordan Mason,,,0,52,29,20,1688.4
2026-09-20,Jordyn Tyson,,,0,7,3,3,178.0
2026-09-20,Josh Cameron,,,0,11,4,4,157.3
2026-09-20,Josh Oliver,TE,MIN,1,0,0,0,0.0
2026-09-20,Justice Hill,RB,BAL,1,19,13,12,614.0
2026-09-20,Justin Herbert,QB,LAC,1,130,37,23,2675.3
2026-09-20,Justin Jefferson,WR,MIN,1,365,53,30,9137.8
2026-09-20,Juwan Johnson,TE,NO,1,4,1,1,289.1
2026-09-20,KC Concepcion Jr.,,,0,60,20,16,677.8
2026-09-20,KaVontae Turpin,,,0,2,1,1,32.0
2026-09-20,Kaelon Black,RB,SF,1,155,39,23,3371.8
2026-09-20,Kalif Raymond,WR,CHI,1,71,28,17,2035.9
2026-09-20,Kayshon Boutte,WR,HOU,1,11,8,7,208.4
2026-09-20,Kaytron Allen,,,0,7,6,6,179.6
2026-09-20,Keaton Mitchell,RB,LAC,1,16,9,7,236.5
2026-09-20,Kendre Miller,,,0,4,4,4,150.0
2026-09-20,Kendrick Bourne,WR,ARI,1,29,12,9,604.0
2026-09-20,Kenny Gainwell,,,0,46,22,18,1178.8
2026-09-20,Kenyon Sadiq,TE,NYJ,1,16,9,7,264.4
2026-09-20,Kimani Vidal,,,0,1,1,1,10.1
2026-09-20,Kirk Cousins,QB,LV,1,36,15,13,624.3
2026-09-20,Kyle Monangai,RB,CHI,1,21,14,10,634.5
2026-09-20,Kyle Pitts Sr.,TE,ATL,1,23,16,12,384.0
2026-09-20,Kyle Williams,,,0,26,14,11,882.8
2026-09-20,Kyler Murray,,,0,88,35,23,2645.0
2026-09-20,LaJohntay Wester,WR,BAL,1,24,10,9,383.3
2026-09-20,Ladd McConkey,,,0,5,4,4,224.1
2026-09-20,Lamar Jackson,QB,BAL,1,151,39,23,5312.2
2026-09-20,Lil'Jordan Humphrey,,,0,1,1,1,34.5
2026-09-20,Luther Burden III,WR,CHI,1,158,43,26,4019.2
2026-09-20,Mack Hollins,WR,NE,1,0,0,0,0.0
2026-09-20,Makai Lemon,WR,PHI,1,8,7,7,157.6
2026-09-20,Malik Washington,WR,MIA,1,40,18,14,735.6
2026-09-20,Malik Willis,QB,MIA,1,84,29,21,2198.1
2026-09-20,MarShawn Lloyd,RB,GB,1,78,30,21,1721.5
2026-09-20,Mark Andrews,TE,BAL,1,237,45,29,4894.1
2026-09-20,Marvin Harrison Jr.,WR,ARI,1,26,13,10,352.5
2026-09-20,Mason Taylor,TE,NYJ,1,13,10,8,300.7
2026-09-20,Matt Hibner,,,0,1,1,1,54.0
2026-09-20,Matthew Golden,WR,GB,1,257,49,27,8270.0
2026-09-20,Michael Mayer,TE,LV,1,95,34,22,1794.0
2026-09-20,Michael Pittman Jr.,,,0,39,19,15,2257.6
2026-09-20,Michael Wilson,WR,ARI,1,18,11,8,324.7
2026-09-20,Mike Evans,WR,SF,1,111,35,21,3394.7
2026-09-20,Mike Gesicki,TE,CIN,1,16,8,5,345.0
2026-09-20,Mike Washington Jr.,RB,LV,1,5,4,4,169.7
2026-09-20,Mitchell Evans,,,0,2,2,2,19.6
2026-09-20,Nico Collins,,,0,204,43,25,6864.9
2026-09-20,Noah Fant,TE,NO,1,4,4,4,56.6
2026-09-20,Ollie Gordon II,,,0,5,4,3,91.7
2026-09-20,Omarion Hampton,RB,LAC,1,140,35,20,4137.5
2026-09-20,Oronde Gadsden II,TE,LAC,1,0,0,0,0.0
2026-09-20,Packers,DST,GB,1,10,8,8,193.3
2026-09-20,Panthers,DST,CAR,1,26,15,8,527.5
2026-09-20,Parker Washington,WR,JAX,1,161,39,25,2806.7
2026-09-20,Pat Bryant,WR,DEN,1,44,15,13,807.8
2026-09-20,Pat Freiermuth,TE,PIT,1,5,4,4,64.2
2026-09-20,Patriots,DST,NE,1,4,4,2,94.6
2026-09-20,Pierre Strong Jr.,,,0,2,2,2,10.9
2026-09-20,Quentin Johnston,WR,LAC,1,48,27,19,1051.2
2026-09-20,Quinshon Judkins,RB,CLE,1,23,14,10,522.7
2026-09-20,RJ Harvey,,,0,43,18,14,658.1
2026-09-20,Rachaad White,RB,WAS,1,12,10,8,209.8
2026-09-20,Raheim Sanders,RB,CLE,1,0,0,0,0.0
2026-09-20,Raiders,DST,LV,1,5,5,4,123.0
2026-09-20,Rashid Shaheed,WR,SEA,1,3,2,2,227.9
2026-09-20,Rashod Bateman,WR,BAL,1,181,34,25,3430.6
2026-09-20,Ravens,DST,BAL,1,18,8,8,213.7
2026-09-20,Rhamondre Stevenson,RB,NE,1,87,32,22,1830.3
2026-09-20,Rico Dowdle,RB,PIT,1,0,0,0,0.0
2026-09-20,Roman Wilson,WR,PIT,1,24,12,9,453.2
2026-09-20,Rome Odunze,WR,CHI,1,25,10,9,529.4
2026-09-20,Romeo Doubs,WR,NE,1,69,25,18,1216.1
2026-09-20,Ryan Flournoy,WR,DAL,1,20,11,10,209.4
2026-09-20,Saints,DST,NO,1,8,7,7,178.4
2026-09-20,Samaje Perine,RB,CIN,1,1,1,1,25.0
2026-09-20,Saquon Barkley,RB,PHI,1,170,48,28,4509.9
2026-09-20,Seahawks,DST,SEA,1,10,6,6,198.4
2026-09-20,Sean Tucker,,,0,3,3,3,75.5
2026-09-20,Steelers,DST,PIT,1,8,6,4,152.0
2026-09-20,Stefon Diggs,WR,WAS,1,158,43,26,4048.1
2026-09-20,T.J. Hockenson,TE,MIN,1,81,28,17,1793.8
2026-09-20,Tank Dell,,,0,6,5,4,138.8
2026-09-20,Ted Hurst III,,,0,23,10,8,445.4
2026-09-20,Tee Higgins,WR,CIN,1,0,0,0,0.0
2026-09-20,Terry McLaurin,WR,WAS,1,208,41,27,5699.3
2026-09-20,Tetairoa McMillan,WR,CAR,1,0,0,0,0.0
2026-09-20,Texans,DST,HOU,1,10,8,7,301.3
2026-09-20,Titans,DST,TEN,1,10,7,6,210.0
2026-09-20,Tommy Tremble,TE,CAR,1,4,3,3,26.7
2026-09-20,Tony Pollard,RB,TEN,1,13,7,7,266.0
2026-09-20,Tory Horton,,,0,4,2,2,93.4
2026-09-20,Travis Etienne Jr.,RB,NO,1,17,12,11,318.8
2026-09-20,Travis Hunter,,,0,8,8,8,151.6
2026-09-20,Tre Tucker,WR,LV,1,0,0,0,0.0
2026-09-20,Tre' Harris,WR,LAC,1,45,19,16,782.2
2026-09-20,TreVeyon Henderson,RB,NE,1,68,27,19,1465.9
2026-09-20,Trevor Lawrence,QB,JAX,1,192,34,19,4414.8
2026-09-20,Trey McBride,TE,ARI,1,166,39,26,2867.6
2026-09-20,Troy Franklin,,,0,4,4,4,116.5
2026-09-20,Tucker Kraft,TE,GB,1,92,34,21,2651.5
2026-09-20,Tyjae Spears,RB,TEN,1,6,2,2,133.9
2026-09-20,Tyler Allgeier,RB,ARI,1,19,9,9,333.7
2026-09-20,Tyler Shough,QB,NO,1,83,33,21,2092.5
2026-09-20,Vikings,DST,MIN,1,29,17,10,765.0
2026-09-20,Wan'Dale Robinson,WR,TEN,1,1,1,1,11.4
2026-09-20,Will Shipley,,,0,2,1,1,49.7
2026-09-20,Woody Marks,RB,HOU,1,37,19,15,799.5
2026-09-20,Xavier Hutchinson,WR,HOU,1,67,27,20,2115.7
2026-09-20,Xavier Legette,WR,CAR,1,2,2,2,30.1
2026-09-20,Zachariah Branch,,,0,1,1,1,25.7
2026-09-20,Zay Flowers,,,0,255,54,30,7248.0
2026-09-27,49ers,DST,SF,1,3,3,3,88.3
2026-09-27,AJ Barner,TE,SEA,1,25,8,8,239.1
2026-09-27,AJ Dillon,RB,CAR,1,0,0,0,0.0
2026-09-27,Aaron Jones Sr.,RB,MIN,1,144,38,26,7939.6
2026-09-27,Aaron Rodgers,QB,PIT,1,2,2,2,10.8
2026-09-27,Adonai Mitchell,WR,NYJ,1,100,32,19,3408.3
2026-09-27,Alvin Kamara,RB,NO,1,13,11,9,860.7
2026-09-27,Amar Johnson,,,0,3,3,3,157.0
2026-09-27,Ameer Abdullah,,,0,5,2,2,161.7
2026-09-27,Amon-Ra St. Brown,WR,DET,1,88,32,20,2331.8
2026-09-27,Antonio Williams,WR,WAS,1,3,3,2,36.1
2026-09-27,Ashton Jeanty,RB,LV,1,224,44,24,4971.2
2026-09-27,Baker Mayfield,QB,TB,1,96,31,22,2122.1
2026-09-27,Bengals,DST,CIN,1,42,24,18,917.4
2026-09-27,Bhayshul Tuten,RB,JAX,1,35,15,12,1050.4
2026-09-27,Bills,DST,BUF,1,21,17,15,623.8
2026-09-27,Blake Whiteheart,TE,CLE,1,0,0,0,0.0
2026-09-27,Braelon Allen,RB,NYJ,1,11,6,6,267.9
2026-09-27,Brandin Cooks,,,0,14,10,7,225.4
2026-09-27,Breece Hall,RB,NYJ,1,158,40,25,2720.7
2026-09-27,Brenton Strange,TE,JAX,1,16,12,11,187.5
2026-09-27,Brevin Jordan,,,0,73,30,20,1316.7
2026-09-27,Brian Thomas Jr.,WR,JAX,1,121,30,18,3017.9
2026-09-27,Brock Bowers,TE,LV,1,208,33,23,3419.8
2026-09-27,Brock Purdy,QB,SF,1,137,44,23,3111.9
2026-09-27,Browns,DST,CLE,1,12,9,9,741.7
2026-09-27,Bryce Lance,WR,NO,1,3,3,3,36.4
2026-09-27,Bryce Young,QB,CAR,1,189,48,30,5301.9
2026-09-27,Buccaneers,DST,TB,1,5,4,4,89.7
2026-09-27,Bucky Irving,RB,TB,1,81,20,14,2075.0
2026-09-27,C.J. Stroud,QB,HOU,1,89,38,28,1965.9
2026-09-27,Cade Otton,TE,TB,1,6,6,5,70.5
2026-09-27,Calvin Ridley,WR,TEN,1,3,3,3,49.1
2026-09-27,Cam Skattebo,,,0,65,23,17,3433.1
2026-09-27,Cam Ward,,,0,43,21,15,756.8
2026-09-27,Cameron Latu,,,0,1,1,1,33.6
2026-09-27,Cardinals,DST,ARI,1,3,2,2,191.3
2026-09-27,Carnell Tate,WR,TEN,1,28,11,9,372.8
2026-09-27,Carson Wentz,,,0,19,15,13,447.7
2026-09-27,CeeDee Lamb,WR,DAL,1,277,56,29,7354.4
2026-09-27,Chargers,DST,LAC,1,10,9,8,155.6
2026-09-27,Chase Brown,RB,CIN,1,126,37,22,3397.6
2026-09-27,Chiefs,DST,KC,1,9,4,4,120.0
2026-09-27,Chris Bell,WR,MIA,1,31,14,8,611.7
2026-09-27,Chris Godwin Jr.,WR,TB,1,25,8,8,474.3
2026-09-27,Chris Moore,,,0,8,7,6,118.2
2026-09-27,Chris Olave,WR,NO,1,126,44,25,3324.8
2026-09-27,Chris Rodriguez Jr.,RB,JAX,1,8,6,6,1325.2
2026-09-27,Christian McCaffrey,RB,SF,1,271,52,28,5534.1
2026-09-27,Chuba Hubbard,RB,CAR,1,258,47,27,7195.4
2026-09-27,Cody White,,,0,8,4,3,210.5
2026-09-27,Colts,DST,IND,1,14,13,11,233.6
2026-09-27,Commanders,DST,WAS,1,3,3,3,61.6
2026-09-27,Cooper Kupp,WR,SEA,1,0,0,0,0.0
2026-09-27,Cowboys,DST,DAL,1,10,9,7,175.5
2026-09-27,Cyrus Allen,,,0,1,1,1,25.2
2026-09-27,DJ Moore,WR,BUF,1,195,47,29,4308.8
2026-09-27,DK Metcalf,WR,PIT,1,73,28,21,1426.5
2026-09-27,Dak Prescott,QB,DAL,1,79,37,23,2210.5
2026-09-27,Dalton Kincaid,TE,BUF,1,95,31,20,1615.9
2026-09-27,Dalton Schultz,TE,HOU,1,362,54,32,8064.8
2026-09-27,Daniel Jones,QB,IND,1,45,22,15,876.6
2026-09-27,Darius Slayton,WR,IND,1,11,8,8,269.0
2026-09-27,Darnell Mooney,WR,NYG,1,26,7,5,735.4
2026-09-27,Darnell Washington,TE,PIT,1,8,5,5,50.1
2026-09-27,Darren Waller,TE,CAR,1,76,29,19,2133.1
2026-09-27,David Montgomery,RB,HOU,1,96,30,20,2001.9
2026-09-27,David Njoku,,,0,18,16,14,308.3
2026-09-27,Dawson Knox,TE,BUF,1,5,4,3,33.7
2026-09-27,De'Von Achane,RB,MIA,1,145,46,26,3601.7
2026-09-27,DeMario Douglas,WR,NE,1,47,25,17,931.4
2026-09-27,Deebo Samuel Sr.,WR,SF,1,125,31,20,2650.9
2026-09-27,Demarcus Robinson,,,0,24,18,11,602.7
2026-09-27,Denzel Boston,WR,CLE,1,197,39,24,3877.1
2026-09-27,Derrick Henry,RB,BAL,1,233,54,28,6151.7
2026-09-27,Deshaun Watson,QB,CLE,1,261,42,25,7472.3
2026-09-27,Devaughn Vele,WR,NO,1,59,22,16,1089.0
2026-09-27,Devin Singletary,RB,NYG,1,13,8,6,390.3
2026-09-27,Devontez Walker,,,0,5,4,3,56.2
2026-09-27,Dolphins,DST,MIA,1,13,7,7,141.9
2026-09-27,Drake Maye,QB,NE,1,118,31,24,2966.3
2026-09-27,Drew Lock,,,0,75,32,19,2863.1
2026-09-27,Drew Sample,TE,CIN,1,0,0,0,0.0
2026-09-27,Dyami Brown,WR,WAS,1,0,0,0,0.0
2026-09-27,Eli Heidenreich,,,0,7,6,6,190.5
2026-09-27,Elic Ayomanor,WR,TEN,1,29,15,11,399.3
2026-09-27,Elijah Arroyo,TE,SEA,1,0,0,0,0.0
2026-09-27,Emanuel Wilson,RB,SEA,1,37,15,13,753.9
2026-09-27,Emari Demercado,RB,DAL,1,0,0,0,0.0
2026-09-27,Emeka Egbuka,WR,TB,1,0,0,0,0.0
2026-09-27,Emmett Johnson,RB,KC,1,145,31,22,7138.2
2026-09-27,Erick All Jr.,TE,CIN,1,47,26,17,1272.6
2026-09-27,Fernando Mendoza,,,0,3,2,2,54.4
2026-09-27,Foster Moreau,,,0,5,2,2,240.6
2026-09-27,Frank Gore Jr.,,,0,2,2,2,20.0
2026-09-27,Garrett Wilson,WR,NYJ,1,257,51,30,6177.5
2026-09-27,Geno Smith,QB,NYJ,1,347,54,29,8875.1
2026-09-27,George Kittle,TE,SF,1,0,0,0,0.0
2026-09-27,George Pickens,WR,DAL,1,173,47,25,4673.3
2026-09-27,Germie Bernard,,,0,6,6,4,168.6
2026-09-27,Giants,DST,NYG,1,13,8,8,247.6
2026-09-27,Greg Dulcich,TE,MIA,1,0,0,0,0.0
2026-09-27,Gunnar Helm,TE,TEN,1,14,6,3,368.5
2026-09-27,Harold Fannin Jr.,TE,CLE,1,64,21,14,1251.8
2026-09-27,Hunter Henry,TE,NE,1,35,17,14,601.8
2026-09-27,Isaac TeSlaa,WR,DET,1,0,0,0,0.0
2026-09-27,Isaiah Likely,TE,NYG,1,56,22,15,1276.5
2026-09-27,Isaiah Williams,WR,NYJ,1,91,17,14,1315.8
2026-09-27,Ja'Marr Chase,WR,CIN,1,183,42,28,3952.5
2026-09-27,Ja'seem Reed,,,0,16,10,8,261.2
2026-09-27,Jack Bech,WR,LV,1,0,0,0,0.0
2026-09-27,Jacob Cowing,,,0,5,3,3,100.1
2026-09-27,Jacoby Brissett,QB,ARI,1,57,20,14,1354.1
2026-09-27,Jacory Croskey-Merritt,RB,WAS,1,0,0,0,0.0
2026-09-27,Jadarian Price,RB,SEA,1,120,33,24,3805.2
2026-09-27,Jaguars,DST,JAX,1,7,5,4,209.1
2026-09-27,Jahmyr Gibbs,RB,DET,1,584,63,32,13420.6
2026-09-27,Jake Ferguson,TE,DAL,1,148,37,24,5130.2
2026-09-27,Jakobi Meyers,WR,JAX,1,5,4,3,303.6
2026-09-27,Jalen Coker,WR,CAR,1,287,54,29,7378.4
2026-09-27,Jalen McMillan,WR,TB,1,0,0,0,0.0
2026-09-27,Jalen Nailor,WR,LV,1,0,0,0,0.0
2026-09-27,Jalen Royals,,,0,2,2,2,62.0
2026-09-27,Jalen Tolbert,,,0,7,2,1,210.9
2026-09-27,Jameis Winston,QB,NYG,1,433,52,31,10598.5
2026-09-27,James Cook III,RB,BUF,1,330,53,29,7997.9
2026-09-27,Jameson Williams,WR,DET,1,92,30,19,1975.5
2026-09-27,Jared Goff,QB,DET,1,82,31,20,2267.4
2026-09-27,Jared Wayne,WR,HOU,1,9,7,6,211.1
2026-09-27,Jauan Jennings,WR,MIN,1,3,2,2,64.4
2026-09-27,Javonte Williams,RB,DAL,1,67,30,19,2106.2
2026-09-27,Jaxon Smith-Njigba,WR,SEA,1,380,51,26,8599.9
2026-09-27,Jaylen Warren,RB,PIT,1,244,44,27,8097.5
2026-09-27,Jaylen Wright,,,0,1,1,1,16.6
2026-09-27,Jaylin Noel,WR,HOU,1,11,6,6,149.6
2026-09-27,Jeremiyah Love,RB,ARI,1,59,27,19,3802.8
2026-09-27,Jeremy Ruckert,TE,NYJ,1,11,6,5,146.2
2026-09-27,Jerome Ford,,,0,4,4,4,665.4
2026-09-27,Jerry Jeudy,WR,CLE,1,4,4,4,81.7
2026-09-27,Jets,DST,NYJ,1,12,11,11,237.4
2026-09-27,Joe Burrow,QB,CIN,1,82,32,23,1689.2
2026-09-27,John Bates,,,0,3,3,2,52.0
2026-09-27,Jonathan Taylor,RB,IND,1,213,50,27,4655.9
2026-09-27,Jordan Addison,WR,MIN,1,50,14,13,782.0
2026-09-27,Jordan James,,,0,27,18,14,723.9
2026-09-27,Jordan Watkins,,,0,12,5,2,277.6
2026-09-27,Josh Allen,QB,BUF,1,491,61,33,13510.4
2026-09-27,Josh Cameron,,,0,11,3,3,241.2
2026-09-27,Josh Downs,WR,IND,1,38,15,14,943.6
2026-09-27,Josh Oliver,TE,MIN,1,2,2,2,15.6
2026-09-27,Joshua Palmer,,,0,27,12,9,611.4
2026-09-27,Justice Hill,RB,BAL,1,18,6,6,271.1
2026-09-27,Justin Fields,,,0,5,4,3,149.2
2026-09-27,Justin Herbert,QB,LAC,1,136,38,25,4945.5
2026-09-27,Justin Jefferson,WR,MIN,1,154,47,30,3592.0
2026-09-27,Juwan Johnson,TE,NO,1,98,40,26,2577.6
2026-09-27,KC Concepcion Jr.,WR,CLE,1,88,27,18,1247.5
2026-09-27,KaVontae Turpin,,,0,2,1,1,48.6
2026-09-27,Kaelon Black,RB,SF,1,53,21,17,2078.5
2026-09-27,Kayshon Boutte,WR,HOU,1,0,0,0,0.0
2026-09-27,Keaton Mitchell,RB,LAC,1,5,3,3,32.3
2026-09-27,Keenan Allen,WR,IND,1,20,15,11,426.3
2026-09-27,Kendall Milton,,,0,1,1,1,615.7
2026-09-27,Kendre Miller,,,0,1,1,1,14.9
2026-09-27,Kendrick Bourne,WR,ARI,1,17,11,8,334.8
2026-09-27,Kenneth Walker III,RB,KC,1,390,57,31,11928.5
2026-09-27,Kenny Gainwell,,,0,19,7,6,316.8
2026-09-27,Kenyon Sadiq,TE,NYJ,1,185,29,21,2617.8
2026-09-27,Keon Coleman,,,0,70,32,20,2083.6
2026-09-27,Kevin Coleman Jr.,WR,MIA,1,10,4,2,166.8
2026-09-27,KhaDarel Hodge,,,0,1,1,1,10.7
2026-09-27,Khalil Shakir,WR,BUF,1,48,25,17,895.6
2026-09-27,Kimani Vidal,,,0,1,1,1,14.9
2026-09-27,Kirk Cousins,QB,LV,1,47,22,16,766.3
2026-09-27,Kyle Juszczyk,RB,SF,1,0,0,0,0.0
2026-09-27,Kyle Williams,WR,NE,1,0,0,0,0.0
2026-09-27,Kyler Murray,QB,MIN,1,280,49,28,7219.9
2026-09-27,LaJohntay Wester,,,0,20,7,6,374.3
2026-09-27,Ladd McConkey,WR,LAC,1,4,4,3,67.2
2026-09-27,Lamar Jackson,QB,BAL,1,242,56,30,8677.2
2026-09-27,Laquon Treadwell,WR,IND,1,25,11,8,534.8
2026-09-27,Lions,DST,DET,1,23,14,10,1114.3
2026-09-27,Mack Hollins,WR,NE,1,0,0,0,0.0
2026-09-27,Malachi Fields,WR,NYG,1,2,2,2,54.0
2026-09-27,Malik Nabers,WR,NYG,1,70,33,24,2145.2
2026-09-27,Malik Washington,WR,MIA,1,85,23,16,1517.3
2026-09-27,Malik Willis,QB,MIA,1,44,22,15,1256.6
2026-09-27,Marcus Mariota,QB,WAS,1,69,35,23,2060.0
2026-09-27,Mark Andrews,TE,BAL,1,199,50,27,6034.3
2026-09-27,Marvin Harrison Jr.,WR,ARI,1,48,20,16,728.5
2026-09-27,Michael Mayer,TE,LV,1,22,11,9,387.2
2026-09-27,Michael Pittman Jr.,WR,PIT,1,46,22,18,1030.5
2026-09-27,Michael Wilson,WR,ARI,1,56,25,17,1151.0
2026-09-27,Mike Evans,WR,SF,1,118,43,27,2625.4
2026-09-27,Mike Gesicki,TE,CIN,1,0,0,0,0.0
2026-09-27,Mike Washington Jr.,RB,LV,1,3,3,3,97.7
2026-09-27,Najee Harris,RB,NYG,1,15,7,6,329.5
2026-09-27,Nick Singleton,,,0,14,6,5,152.2
2026-09-27,Noah Fant,TE,NO,1,1,1,1,6.6
2026-09-27,Noah Gray,,,0,2,1,1,50.5
2026-09-27,Ollie Gordon II,RB,MIA,1,0,0,0,0.0
2026-09-27,Omarion Hampton,RB,LAC,1,81,28,18,1731.0
2026-09-27,Oronde Gadsden II,TE,LAC,1,0,0,0,0.0
2026-09-27,Panthers,DST,CAR,1,41,20,15,946.6
2026-09-27,Parker Washington,WR,JAX,1,364,52,30,10428.5
2026-09-27,Pat Freiermuth,TE,PIT,1,39,18,13,879.8
2026-09-27,Patrick Herbert,,,0,9,5,5,139.7
2026-09-27,Patrick Mahomes,QB,KC,1,367,53,31,8430.3
2026-09-27,Patriots,DST,NE,1,8,7,7,450.1
2026-09-27,Quentin Johnston,WR,LAC,1,51,26,18,1395.5
2026-09-27,Quinshon Judkins,RB,CLE,1,213,36,23,5404.1
2026-09-27,Rachaad White,RB,WAS,1,0,0,0,0.0
2026-09-27,Raheim Sanders,RB,CLE,1,8,4,4,222.3
2026-09-27,Raiders,DST,LV,1,15,11,10,508.1
2026-09-27,Rashee Rice,WR,KC,1,149,39,25,3601.8
2026-09-27,Rashid Shaheed,WR,SEA,1,22,12,12,494.8
2026-09-27,Rashod Bateman,WR,BAL,1,330,53,27,8703.3
2026-09-27,Ravens,DST,BAL,1,2,2,2,33.5
2026-09-27,Ray Davis,,,0,49,14,11,1531.6
2026-09-27,Rhamondre Stevenson,RB,NE,1,58,19,16,4980.1
2026-09-27,River Cracraft,,,0,21,7,6,252.5
2026-09-27,Roman Wilson,WR,PIT,1,26,14,11,651.4
2026-09-27,Romeo Doubs,WR,NE,1,29,12,10,621.9
2026-09-27,Ryan Flournoy,WR,DAL,1,25,15,10,370.5
2026-09-27,Ryan Miller,,,0,2,2,1,59.6
2026-09-27,Saints,DST,NO,1,5,5,5,52.9
2026-09-27,Sam Darnold,QB,SEA,1,154,36,25,4010.8
2026-09-27,Sam LaPorta,TE,DET,1,88,35,26,1628.7
2026-09-27,Samaje Perine,RB,CIN,1,0,0,0,0.0
2026-09-27,Scott Matlock,,,0,2,2,2,30.4
2026-09-27,Seahawks,DST,SEA,1,11,5,5,130.2
2026-09-27,Sione Vaki,RB,DET,1,0,0,0,0.0
2026-09-27,Skyler Bell,,,0,5,5,4,122.6
2026-09-27,Steelers,DST,PIT,1,9,8,8,144.0
2026-09-27,Stefon Diggs,WR,WAS,1,41,17,15,870.7
2026-09-27,Sterling Shepard,,,0,10,5,5,257.0
2026-09-27,T.J. Hockenson,TE,MIN,1,46,23,15,723.3
2026-09-27,Tanner Conner,,,0,1,1,1,30.8
2026-09-27,Ted Hurst III,WR,TB,1,36,11,8,800.0
2026-09-27,Tee Higgins,WR,CIN,1,0,0,0,0.0
2026-09-27,Terry McLaurin,WR,WAS,1,39,14,12,1013.8
2026-09-27,Tetairoa McMillan,WR,CAR,1,26,13,11,332.9
2026-09-27,Texans,DST,HOU,1,12,8,8,177.5
2026-09-27,Theo Johnson,,,0,1,1,1,6.6
2026-09-27,Titans,DST,TEN,1,85,33,22,1813.5
2026-09-27,Tommy Tremble,TE,CAR,1,0,0,0,0.0
2026-09-27,Tony Pollard,RB,TEN,1,71,19,14,3148.5
2026-09-27,Tory Horton,,,0,3,1,1,21.5
2026-09-27,Travis Etienne Jr.,RB,NO,1,46,13,9,721.8
2026-09-27,Travis Homer,,,0,12,8,7,274.9
2026-09-27,Travis Hunter,,,0,15,3,3,110.0
2026-09-27,Travis Kelce,TE,KC,1,82,30,21,1823.9
2026-09-27,Tre Tucker,WR,LV,1,108,29,21,1860.8
2026-09-27,Tre' Harris,WR,LAC,1,0,0,0,0.0
2026-09-27,TreVeyon Henderson,RB,NE,1,23,16,13,1054.4
2026-09-27,Trevor Lawrence,QB,JAX,1,164,40,27,5300.7
2026-09-27,Trey McBride,TE,ARI,1,221,43,26,4040.8
2026-09-27,Ty Johnson,,,0,6,5,5,126.4
2026-09-27,Tyjae Spears,,,0,47,16,13,1852.5
2026-09-27,Tyler Allgeier,RB,ARI,1,9,3,3,737.8
2026-09-27,Tyler Conklin,,,0,2,1,1,50.5
2026-09-27,Tyler Shough,QB,NO,1,244,50,26,7984.7
2026-09-27,Tyler Warren,TE,IND,1,37,19,16,851.9
2026-09-27,Tyquan Thornton,WR,KC,1,32,14,9,602.4
2026-09-27,Tyrone Tracy Jr.,,,0,6,5,4,205.7
2026-09-27,Vikings,DST,MIN,1,26,13,12,465.3
2026-09-27,Wan'Dale Robinson,WR,TEN,1,7,2,2,51.3
2026-09-27,Wesley Grimes,,,0,1,1,1,22.8
2026-09-27,Woody Marks,RB,HOU,1,38,13,10,769.9
2026-09-27,Xavier Hutchinson,WR,HOU,1,37,22,14,604.7
2026-09-27,Xavier Legette,WR,CAR,1,13,10,9,202.9
2026-09-27,Xavier Worthy,WR,KC,1,132,36,23,2941.5
2026-09-27,Zach Wilson,,,0,4,1,1,221.4
2026-09-27,Zamir White,,,0,2,1,1,50.5
2026-09-27,Zay Flowers,,,0,368,60,29,9639.9
