date,video_id,channel_id,channel,aired,views,title,player,mentions
2026-09-29,vSA51owSot0,UC4RadeJAL7K1QkEq1T9Wm0w,Free Picks PickDawgz,2026-09-29T04:16+00:00,2753,NHL Picks & Predictions Today 9/29/26 | The Wraparound,Jacob Fowler,1
2026-09-29,vSA51owSot0,UC4RadeJAL7K1QkEq1T9Wm0w,Free Picks PickDawgz,2026-09-29T04:16+00:00,2753,NHL Picks & Predictions Today 9/29/26 | The Wraparound,Jeremy Swayman,2
2026-09-29,vSA51owSot0,UC4RadeJAL7K1QkEq1T9Wm0w,Free Picks PickDawgz,2026-09-29T04:16+00:00,2753,NHL Picks & Predictions Today 9/29/26 | The Wraparound,Marek Vanacker,4
2026-09-29,vSA51owSot0,UC4RadeJAL7K1QkEq1T9Wm0w,Free Picks PickDawgz,2026-09-29T04:16+00:00,2753,NHL Picks & Predictions Today 9/29/26 | The Wraparound,Connor McDavid,1
2026-09-29,vSA51owSot0,UC4RadeJAL7K1QkEq1T9Wm0w,Free Picks PickDawgz,2026-09-29T04:16+00:00,2753,NHL Picks & Predictions Today 9/29/26 | The Wraparound,Leon Draisaitl,1
2026-09-29,vSA51owSot0,UC4RadeJAL7K1QkEq1T9Wm0w,Free Picks PickDawgz,2026-09-29T04:16+00:00,2753,NHL Picks & Predictions Today 9/29/26 | The Wraparound,Josh Anderson,2
2026-09-29,9fSflJ6O8-Q,UCbxXLZ-uHOY-QrsL1rMbXew,"Doc's Sports Picks, Best Bets, Predictions & Odds",2026-09-29T03:12+00:00,2457,Tuesday NHL Rundown Picks - 9/29/26 l Craig Trapp & Indian Cowboy NHL Betting Picks & Predictions,Jeremy Swayman,1
2026-09-29,9fSflJ6O8-Q,UCbxXLZ-uHOY-QrsL1rMbXew,"Doc's Sports Picks, Best Bets, Predictions & Odds",2026-09-29T03:12+00:00,2457,Tuesday NHL Rundown Picks - 9/29/26 l Craig Trapp & Indian Cowboy NHL Betting Picks & Predictions,Marek Vanacker,1
2026-09-29,9fSflJ6O8-Q,UCbxXLZ-uHOY-QrsL1rMbXew,"Doc's Sports Picks, Best Bets, Predictions & Odds",2026-09-29T03:12+00:00,2457,Tuesday NHL Rundown Picks - 9/29/26 l Craig Trapp & Indian Cowboy NHL Betting Picks & Predictions,Connor Bedard,1
2026-09-29,9fSflJ6O8-Q,UCbxXLZ-uHOY-QrsL1rMbXew,"Doc's Sports Picks, Best Bets, Predictions & Odds",2026-09-29T03:12+00:00,2457,Tuesday NHL Rundown Picks - 9/29/26 l Craig Trapp & Indian Cowboy NHL Betting Picks & Predictions,Adin Hill,1
2026-09-29,9fSflJ6O8-Q,UCbxXLZ-uHOY-QrsL1rMbXew,"Doc's Sports Picks, Best Bets, Predictions & Odds",2026-09-29T03:12+00:00,2457,Tuesday NHL Rundown Picks - 9/29/26 l Craig Trapp & Indian Cowboy NHL Betting Picks & Predictions,Patrick Kane,1
2026-09-29,H6iVFzn9BSg,UCkD3FfkiyYZdNav97SP3O-w,Cash Out Sports Picks,2026-09-29T11:42+00:00,673,FREE NHL Picks Today Tuesday 9/29/26 NHL Picks and Predictions,Nick Suzuki,2
2026-09-29,H6iVFzn9BSg,UCkD3FfkiyYZdNav97SP3O-w,Cash Out Sports Picks,2026-09-29T11:42+00:00,673,FREE NHL Picks Today Tuesday 9/29/26 NHL Picks and Predictions,Ian Cole,1
2026-09-29,H6iVFzn9BSg,UCkD3FfkiyYZdNav97SP3O-w,Cash Out Sports Picks,2026-09-29T11:42+00:00,673,FREE NHL Picks Today Tuesday 9/29/26 NHL Picks and Predictions,Noah Dobson,1
2026-09-29,H6iVFzn9BSg,UCkD3FfkiyYZdNav97SP3O-w,Cash Out Sports Picks,2026-09-29T11:42+00:00,673,FREE NHL Picks Today Tuesday 9/29/26 NHL Picks and Predictions,Kaiden Guhle,1
2026-09-29,H6iVFzn9BSg,UCkD3FfkiyYZdNav97SP3O-w,Cash Out Sports Picks,2026-09-29T11:42+00:00,673,FREE NHL Picks Today Tuesday 9/29/26 NHL Picks and Predictions,Auston Matthews,2
2026-09-29,H6iVFzn9BSg,UCkD3FfkiyYZdNav97SP3O-w,Cash Out Sports Picks,2026-09-29T11:42+00:00,673,FREE NHL Picks Today Tuesday 9/29/26 NHL Picks and Predictions,Gavin McKenna,1
2026-09-29,H6iVFzn9BSg,UCkD3FfkiyYZdNav97SP3O-w,Cash Out Sports Picks,2026-09-29T11:42+00:00,673,FREE NHL Picks Today Tuesday 9/29/26 NHL Picks and Predictions,Jeremy Swayman,1
2026-09-29,H6iVFzn9BSg,UCkD3FfkiyYZdNav97SP3O-w,Cash Out Sports Picks,2026-09-29T11:42+00:00,673,FREE NHL Picks Today Tuesday 9/29/26 NHL Picks and Predictions,Nikita Zadorov,1
2026-09-29,H6iVFzn9BSg,UCkD3FfkiyYZdNav97SP3O-w,Cash Out Sports Picks,2026-09-29T11:42+00:00,673,FREE NHL Picks Today Tuesday 9/29/26 NHL Picks and Predictions,Connor Clifton,1
2026-09-29,H6iVFzn9BSg,UCkD3FfkiyYZdNav97SP3O-w,Cash Out Sports Picks,2026-09-29T11:42+00:00,673,FREE NHL Picks Today Tuesday 9/29/26 NHL Picks and Predictions,J.T. Miller,1
2026-09-29,H6iVFzn9BSg,UCkD3FfkiyYZdNav97SP3O-w,Cash Out Sports Picks,2026-09-29T11:42+00:00,673,FREE NHL Picks Today Tuesday 9/29/26 NHL Picks and Predictions,Adam Fox,2
2026-09-29,H6iVFzn9BSg,UCkD3FfkiyYZdNav97SP3O-w,Cash Out Sports Picks,2026-09-29T11:42+00:00,673,FREE NHL Picks Today Tuesday 9/29/26 NHL Picks and Predictions,Fraser Minten,1
2026-09-29,H6iVFzn9BSg,UCkD3FfkiyYZdNav97SP3O-w,Cash Out Sports Picks,2026-09-29T11:42+00:00,673,FREE NHL Picks Today Tuesday 9/29/26 NHL Picks and Predictions,Marek Vanacker,5
2026-09-29,H6iVFzn9BSg,UCkD3FfkiyYZdNav97SP3O-w,Cash Out Sports Picks,2026-09-29T11:42+00:00,673,FREE NHL Picks Today Tuesday 9/29/26 NHL Picks and Predictions,Connor McDavid,1
2026-09-29,H6iVFzn9BSg,UCkD3FfkiyYZdNav97SP3O-w,Cash Out Sports Picks,2026-09-29T11:42+00:00,673,FREE NHL Picks Today Tuesday 9/29/26 NHL Picks and Predictions,Leon Draisaitl,1
2026-09-29,H6iVFzn9BSg,UCkD3FfkiyYZdNav97SP3O-w,Cash Out Sports Picks,2026-09-29T11:42+00:00,673,FREE NHL Picks Today Tuesday 9/29/26 NHL Picks and Predictions,Thatcher Demko,1
2026-09-29,H6iVFzn9BSg,UCkD3FfkiyYZdNav97SP3O-w,Cash Out Sports Picks,2026-09-29T11:42+00:00,673,FREE NHL Picks Today Tuesday 9/29/26 NHL Picks and Predictions,Marco Rossi,1
2026-09-29,H6iVFzn9BSg,UCkD3FfkiyYZdNav97SP3O-w,Cash Out Sports Picks,2026-09-29T11:42+00:00,673,FREE NHL Picks Today Tuesday 9/29/26 NHL Picks and Predictions,Patrick Kane,1
2026-09-29,H6iVFzn9BSg,UCkD3FfkiyYZdNav97SP3O-w,Cash Out Sports Picks,2026-09-29T11:42+00:00,673,FREE NHL Picks Today Tuesday 9/29/26 NHL Picks and Predictions,Mark Stone,1
2026-09-29,H6iVFzn9BSg,UCkD3FfkiyYZdNav97SP3O-w,Cash Out Sports Picks,2026-09-29T11:42+00:00,673,FREE NHL Picks Today Tuesday 9/29/26 NHL Picks and Predictions,Shea Theodore,1
2026-09-29,H6iVFzn9BSg,UCkD3FfkiyYZdNav97SP3O-w,Cash Out Sports Picks,2026-09-29T11:42+00:00,673,FREE NHL Picks Today Tuesday 9/29/26 NHL Picks and Predictions,Trevor Connelly,1
2026-09-29,1XHy2ZzFVWc,UCdiu_mtaOoqKDIXWDNuQ8iQ,Top Sports Debate,2026-09-29T05:56+00:00,381,NHL Picks Today Tuesday 9/29/2026 | Free NHL Picks | NHL Goal Plays & Predictions,Spencer Knight,2
2026-09-29,1XHy2ZzFVWc,UCdiu_mtaOoqKDIXWDNuQ8iQ,Top Sports Debate,2026-09-29T05:56+00:00,381,NHL Picks Today Tuesday 9/29/2026 | Free NHL Picks | NHL Goal Plays & Predictions,Auston Matthews,1
2026-09-29,1XHy2ZzFVWc,UCdiu_mtaOoqKDIXWDNuQ8iQ,Top Sports Debate,2026-09-29T05:56+00:00,381,NHL Picks Today Tuesday 9/29/2026 | Free NHL Picks | NHL Goal Plays & Predictions,Ian Cole,1
