Rank,EntryId,EntryName,TimeRemaining,Points,Lineup,,Player,Roster Position,%Drafted,FPTS
1,5269044206,griffalicious24,0,125.24,DST Broncos  FLEX D'Andre Swift QB Bo Nix RB Saquon Barkley RB Kyren Williams TE Terrance Ferguson WR DeVonta Smith WR Jaylen Waddle WR Davante Adams,,DeVonta Smith,WR,91.94%,12.5
1,5269358192,CashLineCriminal,0,125.24,DST Broncos  FLEX D'Andre Swift QB Bo Nix RB Saquon Barkley RB Kyren Williams TE Terrance Ferguson WR DeVonta Smith WR Jaylen Waddle WR Davante Adams,,Davante Adams,WR,88.71%,23.7
1,5269423298,LetsGoRedSox,0,125.24,DST Broncos  FLEX D'Andre Swift QB Bo Nix RB Saquon Barkley RB Kyren Williams TE Terrance Ferguson WR DeVonta Smith WR Jaylen Waddle WR Davante Adams,,Jaylen Waddle,WR,79.03%,6.4
1,5271568536,rajonrondough,0,125.24,DST Broncos  FLEX D'Andre Swift QB Bo Nix RB Saquon Barkley RB Kyren Williams TE Terrance Ferguson WR DeVonta Smith WR Jaylen Waddle WR Davante Adams,,Kyren Williams,RB,77.42%,21.8
1,5273612257,Alonchico22,0,125.24,DST Broncos  FLEX Kyren Williams QB Bo Nix RB Saquon Barkley RB D'Andre Swift TE Terrance Ferguson WR DeVonta Smith WR Jaylen Waddle WR Davante Adams,,Terrance Ferguson,TE,72.58%,1.9
1,5273709393,nickenyon6,0,125.24,DST Broncos  FLEX D'Andre Swift QB Bo Nix RB Saquon Barkley RB Kyren Williams TE Terrance Ferguson WR DeVonta Smith WR Jaylen Waddle WR Davante Adams,,Saquon Barkley,RB,64.52%,9
1,5273722380,tzshannon,0,125.24,DST Broncos  FLEX Kyren Williams QB Bo Nix RB Saquon Barkley RB D'Andre Swift TE Terrance Ferguson WR DeVonta Smith WR Jaylen Waddle WR Davante Adams,,Jalen Hurts,QB,62.90%,13.62
1,5273727172,Rains,0,125.24,DST Broncos  FLEX Saquon Barkley QB Bo Nix RB D'Andre Swift RB Kyren Williams TE Terrance Ferguson WR DeVonta Smith WR Jaylen Waddle WR Davante Adams,,Eagles ,DST,58.06%,0
1,5273856620,fritzruby1,0,125.24,DST Broncos  FLEX Saquon Barkley QB Bo Nix RB D'Andre Swift RB Kyren Williams TE Terrance Ferguson WR DeVonta Smith WR Jaylen Waddle WR Davante Adams,,D'Andre Swift,RB,51.61%,10.8
1,5273860132,tvielkin,0,125.24,DST Broncos  FLEX D'Andre Swift QB Bo Nix RB Saquon Barkley RB Kyren Williams TE Terrance Ferguson WR DeVonta Smith WR Jaylen Waddle WR Davante Adams,,Broncos ,DST,30.65%,14
1,5273886584,madchuck,0,125.24,DST Broncos  FLEX Saquon Barkley QB Bo Nix RB D'Andre Swift RB Kyren Williams TE Terrance Ferguson WR DeVonta Smith WR Jaylen Waddle WR Davante Adams,,Bo Nix,QB,25.81%,25.14
1,5273915002,jonathancarter23,0,125.24,DST Broncos  FLEX Saquon Barkley QB Bo Nix RB D'Andre Swift RB Kyren Williams TE Terrance Ferguson WR DeVonta Smith WR Jaylen Waddle WR Davante Adams,,Dontayvion Wicks,FLEX,25.81%,5.2
1,5273996787,willshat,0,125.24,DST Broncos  FLEX Saquon Barkley QB Bo Nix RB D'Andre Swift RB Kyren Williams TE Terrance Ferguson WR DeVonta Smith WR Jaylen Waddle WR Davante Adams,,Dontayvion Wicks,WR,24.19%,5.2
14,5273396674,Winnerman123,0,124.52001,DST Broncos  FLEX Luther Burden III QB Jalen Hurts RB D'Andre Swift RB Kyren Williams TE Terrance Ferguson WR DeVonta Smith WR Jaylen Waddle WR Davante Adams,,D'Andre Swift,FLEX,12.90%,10.8
15,5273788891,TinCupPro14,0,123.24,DST Bears  FLEX Saquon Barkley QB Bo Nix RB D'Andre Swift RB Kyren Williams TE Terrance Ferguson WR DeVonta Smith WR Jaylen Waddle WR Davante Adams,,Saquon Barkley,FLEX,12.90%,9
16,5273737878,EagleClub,0,122.54,DST Broncos  FLEX Davante Adams QB Bo Nix RB Saquon Barkley RB D'Andre Swift TE Evan Engram WR DeVonta Smith WR Jaylen Waddle WR Kalif Raymond,,Matthew Stafford,QB,11.29%,25.9
17,5273993526,silvercity,0,120.1,DST Eagles  FLEX Luther Burden III QB Matthew Stafford RB Saquon Barkley RB Kyren Williams TE Evan Engram WR DeVonta Smith WR Davante Adams WR Rome Odunze,,Zach Ertz,TE,11.29%,1.9
18,5273788479,sehanshaw,0,118.30001,DST Broncos  FLEX Kyle Monangai QB Matthew Stafford RB Saquon Barkley RB Kyren Williams TE Zach Ertz WR DeVonta Smith WR Jaylen Waddle WR Davante Adams,,Evan Engram,TE,11.29%,0
19,5273647445,cubbiejack,0,118.2,DST Bears  FLEX D'Andre Swift QB Matthew Stafford RB Kyren Williams RB Kyle Monangai TE Colston Loveland WR Jaylen Waddle WR Davante Adams WR Rome Odunze,,Jaylen Waddle,FLEX,11.29%,6.4
20,5271474504,Spartan1994,0,114.32,DST Eagles  FLEX Saquon Barkley QB Jalen Hurts RB D'Andre Swift RB Kyren Williams TE Zach Ertz WR DeVonta Smith WR Davante Adams WR Kalif Raymond,,Kyren Williams,FLEX,8.06%,21.8
21,5273597838,ammnj,0,111.520004,DST Eagles  FLEX Davante Adams QB Jalen Hurts RB D'Andre Swift RB Kyren Williams TE Zach Ertz WR DeVonta Smith WR Luther Burden III WR Rome Odunze,,DeVonta Smith,FLEX,6.45%,12.5
22,5273532197,BacardiBats,0,111.020004,DST Rams  FLEX Kalif Raymond QB Jalen Hurts RB Saquon Barkley RB Kyren Williams TE Evan Engram WR DeVonta Smith WR Jaylen Waddle WR Davante Adams,,Rams ,DST,6.45%,3
23,5273630577,G1221,0,110.420006,DST Broncos  FLEX Jaylen Waddle QB Jalen Hurts RB D'Andre Swift RB Kyren Williams TE Colby Parkinson WR DeVonta Smith WR Davante Adams WR Courtland Sutton,,Davante Adams,FLEX,6.45%,23.7
24,5273344174,DustinDuckworth,0,109.600006,DST Bears  FLEX Jaylen Waddle QB Matthew Stafford RB Saquon Barkley RB D'Andre Swift TE Zach Ertz WR DeVonta Smith WR Davante Adams WR Rome Odunze,,Rome Odunze,WR,6.45%,7.4
25,5271984031,urbdoggy,0,109.12001,DST Broncos  FLEX D'Andre Swift QB Jalen Hurts RB Kyren Williams RB J.K. Dobbins TE Evan Engram WR DeVonta Smith WR Jaylen Waddle WR Davante Adams,,Bears ,DST,4.84%,12
26,5273745227,uteppunter,0,107.2,DST Rams  FLEX Kyle Monangai QB Matthew Stafford RB D'Andre Swift RB Kyren Williams TE Evan Engram WR DeVonta Smith WR Jaylen Waddle WR Davante Adams,,Luther Burden III,FLEX,4.84%,19.8
27,5273642912,Shortshort,0,106.34,DST Broncos  FLEX RJ Harvey QB Bo Nix RB D'Andre Swift RB Kyle Monangai TE Evan Engram WR DeVonta Smith WR Jaylen Waddle WR Davante Adams,,Blake Corum,FLEX,3.23%,3.5
28,5272035253,Cooper.1651,0,98.52,DST Eagles  FLEX Kyren Williams QB Jalen Hurts RB Saquon Barkley RB D'Andre Swift TE Terrance Ferguson WR DeVonta Smith WR Davante Adams WR Dontayvion Wicks,,Kalif Raymond,WR,3.23%,21
28,5273947542,BHAM2020,0,98.52,DST Eagles  FLEX Saquon Barkley QB Jalen Hurts RB D'Andre Swift RB Kyren Williams TE Terrance Ferguson WR DeVonta Smith WR Davante Adams WR Dontayvion Wicks,,J.K. Dobbins,RB,3.23%,6.3
28,5273974488,mudskuffs,0,98.52,DST Eagles  FLEX Kyren Williams QB Jalen Hurts RB Saquon Barkley RB D'Andre Swift TE Terrance Ferguson WR DeVonta Smith WR Davante Adams WR Dontayvion Wicks,,Kyle Monangai,RB,3.23%,3.1
31,5273769959,Mr.TD_AllDay,0,97.82001,DST Eagles  FLEX Colston Loveland QB Jalen Hurts RB D'Andre Swift RB Kyren Williams TE Terrance Ferguson WR DeVonta Smith WR Jaylen Waddle WR Davante Adams,,Johnny Mundt,TE,1.61%,1.4
32,5272321206,gottajiboo,0,97.020004,DST Rams  FLEX Jaylen Waddle QB Jalen Hurts RB D'Andre Swift RB Kyren Williams TE Evan Engram WR DeVonta Smith WR Davante Adams WR Dontayvion Wicks,,Kalif Raymond,FLEX,1.61%,21
33,5270864517,jbellino14,0,96.700005,DST Rams  FLEX Blake Corum QB Matthew Stafford RB Saquon Barkley RB D'Andre Swift TE Zach Ertz WR DeVonta Smith WR Jaylen Waddle WR Davante Adams,,Courtland Sutton,WR,1.61%,7.6
34,5273174662,jgunz,0,95.920006,DST Eagles  FLEX Jaylen Waddle QB Jalen Hurts RB D'Andre Swift RB Kyren Williams TE Terrance Ferguson WR DeVonta Smith WR Davante Adams WR Dontayvion Wicks,,Colby Parkinson,TE,1.61%,0
34,5273496570,Rae2157,0,95.920006,DST Eagles  FLEX Dontayvion Wicks QB Jalen Hurts RB D'Andre Swift RB Kyren Williams TE Zach Ertz WR DeVonta Smith WR Jaylen Waddle WR Davante Adams,,RJ Harvey,FLEX,1.61%,10.7
34,5273814554,mistareed1602,0,95.920006,DST Eagles  FLEX Dontayvion Wicks QB Jalen Hurts RB D'Andre Swift RB Kyren Williams TE Terrance Ferguson WR DeVonta Smith WR Jaylen Waddle WR Davante Adams,,Colston Loveland,TE,1.61%,7.1
37,5273705566,hullette2000,0,95.4,DST Eagles  FLEX Jaylen Waddle QB Matthew Stafford RB Saquon Barkley RB D'Andre Swift TE Terrance Ferguson WR DeVonta Smith WR Davante Adams WR Dontayvion Wicks,,,
38,5273529740,mdawg57,0,94.52001,DST Eagles  FLEX Davante Adams QB Jalen Hurts RB D'Andre Swift RB J.K. Dobbins TE Johnny Mundt WR DeVonta Smith WR Jaylen Waddle WR Luther Burden III,,,
39,5273671276,THIS-IS-SPARTA,0,94.22001,DST Eagles  FLEX Blake Corum QB Jalen Hurts RB D'Andre Swift RB Kyren Williams TE Terrance Ferguson WR DeVonta Smith WR Jaylen Waddle WR Davante Adams,,,
40,5269164700,Deathflower74,0,94.12,DST Eagles  FLEX Dontayvion Wicks QB Jalen Hurts RB Saquon Barkley RB Kyren Williams TE Terrance Ferguson WR DeVonta Smith WR Jaylen Waddle WR Davante Adams,,,
40,5269298487,TonyRiot,0,94.12,DST Eagles  FLEX Dontayvion Wicks QB Jalen Hurts RB Saquon Barkley RB Kyren Williams TE Terrance Ferguson WR DeVonta Smith WR Jaylen Waddle WR Davante Adams,,,
40,5269768671,bledsoe2002,0,94.12,DST Eagles  FLEX DeVonta Smith QB Jalen Hurts RB Saquon Barkley RB Kyren Williams TE Terrance Ferguson WR Jaylen Waddle WR Davante Adams WR Dontayvion Wicks,,,
40,5271269534,Michael_Gunz,0,94.12,DST Eagles  FLEX Dontayvion Wicks QB Jalen Hurts RB Saquon Barkley RB Kyren Williams TE Terrance Ferguson WR DeVonta Smith WR Jaylen Waddle WR Davante Adams,,,
40,5272064279,Booshea,0,94.12,DST Eagles  FLEX Jaylen Waddle QB Jalen Hurts RB Saquon Barkley RB Kyren Williams TE Terrance Ferguson WR DeVonta Smith WR Davante Adams WR Dontayvion Wicks,,,
40,5272777780,bighitfrom20,0,94.12,DST Eagles  FLEX Dontayvion Wicks QB Jalen Hurts RB Saquon Barkley RB Kyren Williams TE Terrance Ferguson WR DeVonta Smith WR Jaylen Waddle WR Davante Adams,,,
40,5273121992,Bulldawg633,0,94.12,DST Eagles  FLEX DeVonta Smith QB Jalen Hurts RB Saquon Barkley RB Kyren Williams TE Terrance Ferguson WR Jaylen Waddle WR Davante Adams WR Dontayvion Wicks,,,
40,5273277902,TheJokesOnU,0,94.12,DST Eagles  FLEX Jaylen Waddle QB Jalen Hurts RB Saquon Barkley RB Kyren Williams TE Terrance Ferguson WR DeVonta Smith WR Davante Adams WR Dontayvion Wicks,,,
40,5273561014,zwack222,0,94.12,DST Eagles  FLEX Dontayvion Wicks QB Jalen Hurts RB Saquon Barkley RB Kyren Williams TE Terrance Ferguson WR DeVonta Smith WR Jaylen Waddle WR Davante Adams,,,
40,5273682098,gorillabiscuit,0,94.12,DST Eagles  FLEX Dontayvion Wicks QB Jalen Hurts RB Saquon Barkley RB Kyren Williams TE Terrance Ferguson WR DeVonta Smith WR Jaylen Waddle WR Davante Adams,,,
40,5273702225,msbumsls,0,94.12,DST Eagles  FLEX DeVonta Smith QB Jalen Hurts RB Saquon Barkley RB Kyren Williams TE Terrance Ferguson WR Jaylen Waddle WR Davante Adams WR Dontayvion Wicks,,,
40,5273709385,Ross0509,0,94.12,DST Eagles  FLEX Dontayvion Wicks QB Jalen Hurts RB Saquon Barkley RB Kyren Williams TE Terrance Ferguson WR DeVonta Smith WR Jaylen Waddle WR Davante Adams,,,
40,5273769035,YazanAlkhatib,0,94.12,DST Eagles  FLEX Dontayvion Wicks QB Jalen Hurts RB Saquon Barkley RB Kyren Williams TE Terrance Ferguson WR DeVonta Smith WR Jaylen Waddle WR Davante Adams,,,
40,5273813525,VChair23,0,94.12,DST Eagles  FLEX Dontayvion Wicks QB Jalen Hurts RB Saquon Barkley RB Kyren Williams TE Terrance Ferguson WR DeVonta Smith WR Jaylen Waddle WR Davante Adams,,,
40,5273917332,Huskers61,0,94.12,DST Eagles  FLEX Dontayvion Wicks QB Jalen Hurts RB Saquon Barkley RB Kyren Williams TE Terrance Ferguson WR DeVonta Smith WR Jaylen Waddle WR Davante Adams,,,
40,5273975437,natevikeshalen,0,94.12,DST Eagles  FLEX Dontayvion Wicks QB Jalen Hurts RB Saquon Barkley RB Kyren Williams TE Terrance Ferguson WR DeVonta Smith WR Jaylen Waddle WR Davante Adams,,,
40,5273979218,bayboychiefs,0,94.12,DST Eagles  FLEX Dontayvion Wicks QB Jalen Hurts RB Saquon Barkley RB Kyren Williams TE Terrance Ferguson WR DeVonta Smith WR Jaylen Waddle WR Davante Adams,,,
57,5273511254,Stagnet,0,90.21999,DST Eagles  FLEX Dontayvion Wicks QB Jalen Hurts RB Saquon Barkley RB Kyren Williams TE Terrance Ferguson WR DeVonta Smith WR Jaylen Waddle WR Luther Burden III,,,
57,5273910015,GeorgeFrank14,0,90.21999,DST Eagles  FLEX Luther Burden III QB Jalen Hurts RB Saquon Barkley RB Kyren Williams TE Zach Ertz WR DeVonta Smith WR Jaylen Waddle WR Dontayvion Wicks,,,
59,5271321121,3334,0,83.12,DST Eagles  FLEX Dontayvion Wicks QB Jalen Hurts RB Saquon Barkley RB D'Andre Swift TE Terrance Ferguson WR DeVonta Smith WR Jaylen Waddle WR Davante Adams,,,
59,5273270174,Timothy2,0,83.12,DST Eagles  FLEX Davante Adams QB Jalen Hurts RB Saquon Barkley RB D'Andre Swift TE Terrance Ferguson WR DeVonta Smith WR Jaylen Waddle WR Dontayvion Wicks,,,
59,5273759177,and1jsheng,0,83.12,DST Eagles  FLEX DeVonta Smith QB Jalen Hurts RB Saquon Barkley RB D'Andre Swift TE Terrance Ferguson WR Jaylen Waddle WR Davante Adams WR Dontayvion Wicks,,,
62,5273601623,cmd_64,0,81.22,DST Eagles  FLEX Kyren Williams QB Jalen Hurts RB Saquon Barkley RB D'Andre Swift TE Terrance Ferguson WR DeVonta Smith WR Jaylen Waddle WR Dontayvion Wicks,,,
