date,gid,player,team,opp,dk_pos,line,pp,salary,proj,sd,floor,ceil,own,imputed
2026-09-29,153977,Connor McDavid,EDM,VAN,C,F1,PP1,8500,17.46,11.22,9.5,32.5,48.9,
2026-09-29,153977,Tristan Jarry,EDM,VAN,G,G1,,8400,10.55,8.65,4.87,21.9,10.0,
2026-09-29,153977,Carter Hart,VGK,CHI,G,G1,,8300,11.34,8.84,5.6,22.6,26.5,
2026-09-29,153977,Auston Matthews,TOR,MTL,C,F1,PP1,8200,16.44,10.44,8.6,30.21,38.4,
2026-09-29,153977,Leon Draisaitl,EDM,VAN,LW,F1,PP1,8000,16.06,11.54,7.3,32.0,38.6,
2026-09-29,153977,Jeremy Swayman,BOS,NYR,G,G1,,8000,10.73,9.11,4.2,22.12,15.3,
2026-09-29,153977,David Pastrnak,BOS,NYR,RW,F1,PP1,7800,13.23,9.68,5.8,26.82,18.0,
2026-09-29,153977,Sergei Bobrovsky,TOR,MTL,G,G1,,7800,11.07,9.45,4.75,22.8,26.6,
2026-09-29,153977,Jack Eichel,VGK,CHI,C,F1,PP1,7700,13.26,9.11,6.0,26.0,13.5,
2026-09-29,153977,Jakub Dobes,MTL,TOR,G,G1,,7600,9.48,9.44,2.8,21.4,4.0,
2026-09-29,153977,William Nylander,TOR,MTL,RW,F2,PP1,7500,12.58,9.6,4.5,27.0,15.6,
2026-09-29,153977,Igor Shesterkin,NYR,BOS,G,G1,,7400,10.1,9.06,3.9,22.1,10.4,
2026-09-29,153977,Cole Caufield,MTL,TOR,LW,F1,PP1,7100,11.62,9.27,4.5,24.0,12.5,
2026-09-29,153977,Spencer Knight,CHI,VGK,G,G1,,7100,8.16,9.41,1.4,20.7,0.9,
2026-09-29,153977,Kevin Lankinen,VAN,EDM,G,G1,,7000,9.49,10.13,2.1,22.1,6.3,
2026-09-29,153977,Mitch Marner,VGK,CHI,RW,F2,PP1,6900,12.1,9.29,5.45,24.5,15.5,shots|points
2026-09-29,153977,John Tavares,TOR,MTL,C,F2,PP1,6800,10.77,9.42,3.0,23.0,6.8,
2026-09-29,153977,Nick Suzuki,MTL,TOR,C,F1,PP1,6700,11.12,8.2,4.5,23.5,8.4,
2026-09-29,153977,Zach Hyman,EDM,VAN,RW,F2,PP1,6700,10.88,8.98,4.3,23.0,10.6,
2026-09-29,153977,Evan Bouchard,EDM,VAN,D,D1,PP1,6700,14.07,9.25,7.1,26.81,22.3,
2026-09-29,153977,Gavin McKenna,TOR,MTL,LW,F2,PP2,6500,9.07,7.92,3.0,19.5,3.9,blocks
2026-09-29,153977,Mark Stone,VGK,CHI,RW,F1,PP1,6400,10.45,8.54,4.1,21.3,9.8,
2026-09-29,153977,Mika Zibanejad,NYR,BOS,C,F1,PP1,6200,10.95,8.61,4.5,22.8,10.3,
2026-09-29,153977,Patrick Kane,CHI,VGK,RW,F1,PP1,6100,8.59,7.66,3.0,19.3,5.2,
2026-09-29,153977,Juraj Slafkovsky,MTL,TOR,LW,F2,PP1,5900,10.29,7.81,4.3,20.3,10.9,
2026-09-29,153977,Anton Frondell,CHI,VGK,C,F2,PP1,5800,9.34,7.33,4.1,19.3,5.6,
2026-09-29,153977,Darren Raddysh,TOR,MTL,D,D1,PP1,5700,10.03,7.25,4.3,20.3,8.3,
2026-09-29,153977,Tyler Bertuzzi,CHI,VGK,RW,F2,PP1,5600,7.71,8.06,1.5,18.0,4.1,
2026-09-29,153977,Adam Fox,NYR,BOS,D,D1,PP1,5600,9.58,7.11,4.3,19.3,7.1,
2026-09-29,153977,J.T. Miller,NYR,BOS,C,F2,PP1,5500,8.41,7.04,3.0,18.0,4.0,
2026-09-29,153977,Pavel Dorofeyev,NYR,BOS,LW,F2,PP1,5400,10.17,8.33,4.3,20.85,13.0,
2026-09-29,153977,Shea Theodore,VGK,CHI,D,D1,PP1,5400,9.6,7.31,4.1,19.3,7.5,
2026-09-29,153977,Roman Kantserov,CHI,VGK,LW,F1,PP1,5300,7.31,6.44,2.8,15.8,3.8,blocks
2026-09-29,153977,Lane Hutson,MTL,TOR,D,D2,PP1,5300,10.98,7.19,5.6,21.0,14.2,
2026-09-29,153977,Morgan Geekie,BOS,NYR,LW,F2,PP1,5200,9.0,8.06,2.8,19.5,8.4,
2026-09-29,153977,Brock Boeser,VAN,EDM,RW,F2,PP1,5000,8.97,7.71,3.0,19.1,9.2,
2026-09-29,153977,Noah Dobson,MTL,TOR,D,D1,PP2,5000,10.05,6.25,5.6,18.4,7.1,
2026-09-29,153977,Elias Pettersson,VAN,EDM,C,F1,PP1,4900,9.22,6.96,4.1,18.4,10.4,shots|points
2026-09-29,153977,Chris Kreider,MTL,TOR,RW,F1,PP2,4900,7.04,6.29,2.8,15.0,2.5,
2026-09-29,153977,Rasmus Andersson,VGK,CHI,D,D2,PP2,4900,9.13,6.3,4.3,17.7,4.8,
2026-09-29,153977,Ryan Nugent-Hopkins,EDM,VAN,C,F2,PP1,4800,8.83,7.27,3.0,19.3,8.9,
2026-09-29,153977,Jake DeBrusk,VAN,EDM,LW,F1,PP1,4800,8.05,6.94,3.0,18.0,6.5,shots|points
2026-09-29,153977,Tomas Hertl,VGK,CHI,C,F3,PP1,4700,9.54,7.35,4.1,19.5,15.9,
2026-09-29,153977,Alexis Lafreniere,NYR,BOS,RW,F1,PP1,4700,8.32,7.3,3.0,18.0,7.9,
2026-09-29,153977,Jack Roslovic,TOR,MTL,RW,F1,PP2,4600,4.01,4.62,1.3,11.02,0.6,shots|points|blocks
2026-09-29,153977,Morgan Rielly,TOR,MTL,D,D1,PP2,4600,8.96,6.37,4.3,17.6,5.1,shots
2026-09-29,153977,Pavel Zacha,BOS,NYR,C,F2,PP1,4500,7.83,7.3,1.5,17.12,5.9,
2026-09-29,153977,Ivan Barbashev,VGK,CHI,LW,F1,PP2,4500,7.43,6.96,2.6,16.5,3.7,
2026-09-29,153977,Jake Walman,EDM,VAN,D,D2,PP2,4500,9.38,6.23,4.3,17.91,6.7,shots
2026-09-29,153977,William Karlsson,VGK,CHI,C,F2,PP2,4400,7.78,6.37,2.8,16.3,4.2,
2026-09-29,153977,Ivan Demidov,MTL,TOR,RW,F2,PP1,4400,7.7,6.87,2.8,16.5,6.8,
2026-09-29,153977,Filip Hronek,VAN,EDM,D,D1,PP1,4400,9.9,7.56,4.3,19.7,14.0,
2026-09-29,153977,Frank Nazar,CHI,VGK,C,F3,PP2,4300,7.1,6.49,2.8,15.6,2.8,shots
2026-09-29,153977,Bowen Byram,CHI,VGK,D,D1,PP1,4300,7.44,5.86,2.8,14.9,4.0,
2026-09-29,153977,Eeli Tolvanen,NYR,BOS,RW,F3,PP2,4200,7.2,6.04,2.8,15.05,3.9,
2026-09-29,153977,Mattias Ekholm,EDM,VAN,D,D1,PP2,4200,9.0,6.25,4.3,17.7,6.6,shots
2026-09-29,153977,Marco Rossi,VAN,EDM,C,F2,PP1,4100,8.23,7.16,2.8,18.0,12.5,
2026-09-29,153977,JJ Peterka,BOS,NYR,RW,F1,PP1,4100,8.89,7.56,3.0,19.3,16.8,blocks
2026-09-29,153977,Sean Durzi,NYR,BOS,D,D2,PP2,4100,6.94,5.46,2.8,14.21,2.2,shots
2026-09-29,153977,Elias Lindholm,BOS,NYR,C,F1,PP2,4000,6.1,6.08,1.5,13.0,1.7,
2026-09-29,153977,Vasily Podkolzin,EDM,VAN,RW,F1,PP2,4000,8.16,6.84,3.0,17.8,8.0,
2026-09-29,153977,Gabe Perreault,NYR,BOS,LW,,,3900,6.48,6.27,1.5,14.5,3.1,
2026-09-29,153977,Easton Cowan,TOR,MTL,LW,F3,PP2,3900,6.98,6.57,1.5,15.6,4.3,shots|points
2026-09-29,153977,Noah Hanifin,VGK,CHI,D,D3,,3900,8.48,5.51,4.3,16.2,6.2,shots|points
2026-09-29,153977,Will Cuylle,NYR,BOS,LW,F3,PP2,3800,7.23,6.67,2.8,15.6,5.4,
2026-09-29,153977,Mike Matheson,MTL,TOR,D,D1,,3800,7.72,5.48,3.0,14.9,4.2,
2026-09-29,153977,Oliver Bjorkstrand,NYR,BOS,RW,F2,PP2,3700,5.62,5.6,1.5,13.0,2.1,
2026-09-29,153977,Brett Howden,VGK,CHI,LW,F2,,3700,6.32,6.65,1.5,14.12,3.3,shots
2026-09-29,153977,Vladislav Gavrikov,NYR,BOS,D,D1,,3700,6.43,5.17,2.8,13.0,2.0,shots
2026-09-29,153977,Kasperi Kapanen,EDM,VAN,RW,F2,PP2,3600,7.33,6.79,2.8,16.5,7.0,
2026-09-29,153977,Ryan Donato,CHI,VGK,LW,F3,PP2,3600,4.12,4.81,1.3,11.5,0.8,shots|points
2026-09-29,153977,Jake McCabe,TOR,MTL,D,D2,,3600,8.22,5.6,4.1,15.6,6.9,shots|points
2026-09-29,153977,Linus Karlsson,VAN,EDM,RW,F3,PP2,3500,5.26,5.44,1.5,12.8,1.9,shots|points
2026-09-29,153977,Isaac Howard,EDM,VAN,LW,F4,PP2,3500,4.23,4.38,1.5,10.53,0.9,shots|points
2026-09-29,153977,Oliver Ekman-Larsson,TOR,MTL,D,D3,,3500,6.09,5.13,2.6,13.0,1.9,shots
2026-09-29,153977,Alex Newhook,MTL,TOR,LW,F2,PP2,3400,7.03,7.01,1.5,16.3,7.1,shots|points
2026-09-29,153977,Trevor Connelly,VGK,CHI,LW,F3,,3400,3.77,4.21,1.3,10.0,0.7,shots|points|blocks
2026-09-29,153977,Brayden McNabb,VGK,CHI,D,D1,,3400,7.98,5.66,3.0,15.51,7.3,shots|points
2026-09-29,153977,Hampus Lindholm,BOS,NYR,D,D1,PP1,3400,8.42,6.05,4.1,16.9,14.7,
2026-09-29,153977,Nick Paul,TOR,MTL,C,F3,PP2,3300,4.15,4.59,1.3,11.3,0.6,shots|points|blocks
2026-09-29,153977,Drew O'Connor,VAN,EDM,LW,F3,,3300,5.17,5.61,1.5,12.8,2.1,shots|points
2026-09-29,153977,James Hagens,BOS,NYR,LW,F3,PP2,3300,6.07,5.86,1.5,14.12,4.0,blocks
2026-09-29,153977,Sam Rinzel,CHI,VGK,D,D3,,3300,5.41,4.64,2.6,11.4,1.3,points
2026-09-29,153977,Kirby Dach,MTL,TOR,C,F3,,3200,6.16,5.85,1.5,14.1,5.0,shots|points
2026-09-29,153977,Brendan Gallagher,VAN,EDM,LW,F4,,3200,4.0,4.36,1.5,10.0,0.9,shots|points
2026-09-29,153977,Nick Lardis,CHI,VGK,LW,F3,PP2,3200,4.04,5.12,1.3,11.5,1.0,shots|points
2026-09-29,153977,Ian Cole,CHI,VGK,D,D3,,3200,5.39,4.26,1.5,11.3,1.4,shots|points
2026-09-29,153977,Chris Tanev,TOR,MTL,D,D2,,3200,4.55,3.75,1.5,9.7,0.8,shots|points
2026-09-29,153977,Alexandre Carrier,MTL,TOR,D,D2,,3200,7.0,5.4,2.6,13.4,4.6,shots|points
2026-09-29,153977,Teddy Blueger,TOR,MTL,C,F4,,3100,4.1,4.52,1.3,10.6,0.7,shots|points|blocks
2026-09-29,153977,Alexandre Texier,MTL,TOR,RW,F3,PP2,3100,5.25,5.2,1.5,12.8,2.6,shots|points
2026-09-29,153977,Jamie Oleksiak,VAN,EDM,D,D2,,3100,4.56,4.0,1.5,9.9,0.8,shots|points|blocks
2026-09-29,153977,Braden Schneider,NYR,BOS,D,D3,,3100,5.96,4.42,2.6,12.1,2.4,shots|points
2026-09-29,153977,Fraser Minten,BOS,NYR,C,F3,PP2,3000,6.86,6.48,1.5,14.52,15.2,
2026-09-29,153977,Victor Olofsson,VGK,CHI,LW,F3,PP2,3000,6.27,6.09,1.5,14.5,6.6,
2026-09-29,153977,Casey Mittelstadt,BOS,NYR,LW,F2,PP2,3000,6.41,5.94,1.5,14.5,7.3,
2026-09-29,153977,Alex Vlasic,CHI,VGK,D,D1,,3000,4.95,4.04,1.5,10.6,1.2,shots|points
2026-09-29,153977,Zeev Buium,VAN,EDM,D,D1,PP2,3000,3.81,4.73,0.0,10.0,0.5,shots
2026-09-29,153977,Jake Evans,MTL,TOR,C,F4,,2900,5.32,5.41,1.5,12.8,3.5,shots|points
2026-09-29,153977,Braeden Bowman,VGK,CHI,RW,F4,PP2,2900,6.93,6.13,2.8,14.5,13.0,shots|points
2026-09-29,153977,Connor Murphy,EDM,VAN,D,D2,,2900,6.44,4.94,2.6,12.9,4.3,shots|points
2026-09-29,153977,Artyom Levshunov,CHI,VGK,D,D2,PP2,2900,4.69,4.11,1.5,10.06,1.1,shots|points
2026-09-29,153977,Zack Bolduc,MTL,TOR,LW,F4,PP2,2800,3.47,3.93,1.3,9.54,0.8,shots|points|blocks
2026-09-29,153977,Nikita Zadorov,BOS,NYR,D,D2,,2800,5.74,4.72,2.6,12.3,2.7,shots
2026-09-29,153977,Marcus Pettersson,NYR,BOS,D,D2,,2800,5.76,4.76,1.5,12.5,2.8,shots
2026-09-29,153977,Phillip Danault,MTL,TOR,C,F3,,2700,4.05,4.01,1.5,10.0,1.1,shots|points
2026-09-29,153977,Ryan Greene,CHI,VGK,C,F4,,2700,4.12,4.5,1.3,11.3,1.2,shots|points
2026-09-29,153977,Colton Sissons,TOR,MTL,RW,F3,,2700,4.66,4.86,1.5,11.81,2.5,shots|points
2026-09-29,153977,Josh Anderson,MTL,TOR,RW,F4,,2700,5.17,5.35,1.5,12.8,3.9,shots|points
2026-09-29,153977,Will Borgen,BOS,NYR,D,D1,,2700,4.65,3.88,1.5,9.9,1.2,shots|points|blocks
2026-09-29,153977,Ryan Shea,EDM,VAN,D,D3,,2700,6.66,5.45,2.6,13.4,6.9,shots|points
2026-09-29,153977,Sean Kuraly,BOS,NYR,C,F4,,2600,4.4,4.14,1.5,10.8,2.0,shots|points
2026-09-29,153977,Oliver Moore,CHI,VGK,C,F1,PP2,2600,3.42,4.09,0.0,10.0,0.6,shots|points
2026-09-29,153977,Marat Khusnutdinov,BOS,NYR,RW,F3,,2600,5.11,5.34,1.5,12.33,4.3,
2026-09-29,153977,Liam Ohgren,VAN,EDM,LW,F2,PP2,2600,4.42,4.59,1.3,11.3,2.3,shots|points
2026-09-29,153977,Parker Wotherspoon,VGK,CHI,D,D2,,2600,6.09,4.91,2.6,12.6,4.9,shots|points
2026-09-29,153977,Shakir Mukhamadullin,EDM,VAN,D,D3,,2600,6.22,5.2,2.6,13.0,5.5,shots|points
2026-09-29,153977,Wyatt Kaiser,CHI,VGK,D,D2,,2600,3.73,4.1,1.3,9.9,0.6,shots|points
2026-09-29,153977,Tom Willander,VAN,EDM,D,D2,PP2,2600,4.8,4.6,1.3,11.3,1.6,shots|points
2026-09-29,153977,Nic Dowd,VGK,CHI,C,F4,,2500,4.29,4.27,1.3,10.0,2.1,shots|points
2026-09-29,153977,Joe Veleno,NYR,BOS,C,F4,,2500,3.25,3.7,1.3,8.4,0.6,shots|points|blocks
2026-09-29,153977,Aatu Raty,VAN,EDM,C,F4,,2500,2.94,3.56,0.0,8.0,0.4,shots|points
2026-09-29,153977,Colton Dach,EDM,VAN,C,F3,,2500,4.26,4.48,1.5,11.3,2.0,shots|points
2026-09-29,153977,Noah Laba,NYR,BOS,C,F3,,2500,4.54,4.46,1.5,11.41,2.9,
2026-09-29,153977,Max Sasson,VAN,EDM,C,F3,,2500,4.21,5.17,1.3,11.5,1.9,shots|points
2026-09-29,153977,Owen Michaels,EDM,VAN,C,F4,,2500,4.24,4.37,1.5,11.3,2.0,shots|points|blocks
2026-09-29,153977,Jordan Greenway,CHI,VGK,LW,F4,,2500,2.33,2.73,0.0,6.3,0.3,shots|points
2026-09-29,153977,Mathieu Joseph,EDM,VAN,RW,F3,,2500,3.99,3.98,1.3,9.9,1.7,shots|points
2026-09-29,153977,Andrew Mangiapane,CHI,VGK,RW,F2,,2500,3.34,4.15,0.0,10.0,0.9,shots|points
2026-09-29,153977,Trent Frederic,EDM,VAN,LW,F4,,2500,3.41,3.57,1.5,9.3,1.0,shots|points
2026-09-29,153977,Brandon Duhaime,TOR,MTL,RW,F4,,2500,3.36,3.67,1.3,9.1,0.9,shots|points
2026-09-29,153977,Tanner Jeannot,BOS,NYR,LW,F4,,2500,4.32,4.36,1.3,10.5,2.3,shots|points
2026-09-29,153977,Zack MacEwen,TOR,MTL,RW,F4,,2500,4.01,4.39,1.3,11.3,1.7,shots|points|blocks
2026-09-29,153977,Alex Formenton,EDM,VAN,LW,F3,,2500,4.27,4.37,1.5,11.3,2.2,shots|points|blocks
2026-09-29,153977,Mark Kastelic,BOS,NYR,RW,F4,,2500,4.72,4.8,1.5,11.31,3.4,shots|points
2026-09-29,153977,Paul Cotter,VAN,EDM,RW,F4,,2500,2.8,4.01,0.0,10.0,0.5,shots|points
2026-09-29,153977,Cole Smith,CHI,VGK,RW,F4,,2500,2.97,4.08,0.0,10.0,0.6,shots|points
2026-09-29,153977,Matt Rempe,NYR,BOS,RW,F4,,2500,1.42,2.25,0.0,3.0,0.2,shots|points
2026-09-29,153977,Tye Kartye,NYR,BOS,LW,F4,,2500,4.42,4.85,1.3,11.5,2.6,shots|points
2026-09-29,153977,Jonathan Lekkerimaki,VAN,EDM,RW,F1,PP2,2500,3.24,4.41,0.0,10.0,0.8,shots|points
2026-09-29,153977,Marc Gatcomb,VGK,CHI,RW,F4,,2500,3.91,4.09,1.5,10.0,1.6,shots|points
2026-09-29,153977,Luke Schenn,VAN,EDM,D,D3,,2500,3.68,3.55,1.3,8.4,0.6,shots|points
2026-09-29,153977,Connor Clifton,BOS,NYR,D,D2,,2500,4.56,4.03,1.3,9.9,1.4,shots|points
2026-09-29,153977,Jeremy Lauzon,VGK,CHI,D,D3,,2500,5.44,4.3,2.6,11.4,3.2,shots|points
2026-09-29,153977,Troy Stecher,TOR,MTL,D,D3,,2500,5.23,4.44,1.5,11.5,2.6,shots|points
2026-09-29,153977,Jonathan Aspirot,BOS,NYR,D,D3,,2500,4.64,4.25,1.5,10.6,1.5,shots|points
2026-09-29,153977,Jayden Struble,MTL,TOR,D,D3,,2500,2.65,3.28,0.0,6.9,0.2,shots|points
2026-09-29,153977,Mason Lohrei,BOS,NYR,D,D3,PP2,2500,5.7,4.95,1.5,12.6,4.1,shots|points
2026-09-29,153977,Arber Xhekaj,MTL,TOR,D,D3,,2500,2.34,2.58,0.0,5.6,0.2,shots|points
2026-09-29,153977,Elias-Nils Pettersson,VAN,EDM,D,D3,,2500,4.81,4.21,1.5,11.2,1.8,shots|points|blocks
2026-09-29,153977,Alberts Smits,NYR,BOS,D,D3,,2500,4.65,4.13,1.5,9.9,1.5,shots|points|blocks
