date,gid,player,team,opp_team,dk_pos,salary,proj,sd,own,leverage,game,games
2026-09-13,151307,Khalil Shakir,BUF,HOU,WR,4800,8.5,6.7905,3.3,1.4,6175952,12
2026-09-13,151307,Xavier Hutchinson,HOU,BUF,WR,3200,4.3,5.2911,1.4,-11.6,6175952,12
2026-09-13,151307,Joshua Palmer,BUF,HOU,WR,3500,2.3,4.5771,0.3,0.0,6175952,12
2026-09-13,151307,Kayshon Boutte,HOU,BUF,WR,4500,5.4,5.6838,1.0,10.1,6175952,12
2026-09-13,151307,C.J. Stroud,HOU,BUF,QB,5200,15.6,8.57904,3.1,-27.3,6175952,12
2026-09-13,151307,Dalton Schultz,HOU,BUF,TE,3400,8.3,6.187340000000001,7.6,-32.1,6175952,12
2026-09-13,151307,Dawson Knox,BUF,HOU,TE,3100,3.0,3.6444,0.5,0.0,6175952,12
2026-09-13,151307,Keon Coleman,BUF,HOU,WR,4000,2.3,4.5771,0.3,0.0,6175952,12
2026-09-13,151307,Josh Allen,BUF,HOU,QB,7000,18.7,8.698080000000001,0.7,59.1,6175952,12
2026-09-13,151307,Jaylin Noel,HOU,BUF,WR,3600,3.5,5.0055,0.6,1.4,6175952,12
2026-09-13,151307,Woody Marks,HOU,BUF,RB,5000,6.5,6.272550000000001,1.9,-2.7,6175952,12
2026-09-13,151307,David Montgomery,HOU,BUF,RB,6000,11.6,7.68372,6.0,10.8,6175952,12
2026-09-13,151307,DJ Moore,BUF,HOU,WR,5600,10.2,7.397399999999999,3.7,11.6,6175952,12
2026-09-13,151307,Dalton Kincaid,BUF,HOU,TE,4600,8.9,6.47522,3.0,17.9,6175952,12
2026-09-13,151307,Nico Collins,HOU,BUF,WR,7000,15.3,9.2181,8.1,13.0,6175952,12
2026-09-13,151307,Tetairoa McMillan,CAR,CHI,WR,6100,13.1,8.432699999999999,7.4,5.8,6176168,12
2026-09-13,151307,Cole Kmet,CHI,CAR,TE,3300,3.6,3.9322800000000004,0.6,0.0,6176168,12
2026-09-13,151307,Darren Waller,CAR,CHI,TE,3200,4.2,4.22016,0.9,3.6,6176168,12
2026-09-13,151307,Xavier Legette,CAR,CHI,WR,3700,4.4,5.3267999999999995,1.0,1.4,6176168,12
2026-09-13,151307,Kyle Monangai,CHI,CAR,RB,5100,6.0,6.1342,1.5,0.0,6176168,12
2026-09-13,151307,Tommy Tremble,CAR,CHI,TE,2900,2.6,3.4524800000000004,0.4,3.6,6176168,12
2026-09-13,151307,Chuba Hubbard,CAR,CHI,RB,5500,10.5,7.3793500000000005,5.7,5.4,6176168,12
2026-09-13,151307,Luther Burden III,CHI,CAR,WR,5500,12.8,8.3256,10.9,-5.8,6176168,12
2026-09-13,151307,Jalen Coker,CAR,CHI,WR,4600,9.3,7.0761,5.7,-15.9,6176168,12
2026-09-13,151307,D'Andre Swift,CHI,CAR,RB,6100,12.5,7.93275,7.4,5.4,6176168,12
2026-09-13,151307,Jonathon Brooks,CAR,CHI,RB,5000,7.0,6.4109,2.3,0.0,6176168,12
2026-09-13,151307,Colston Loveland,CHI,CAR,TE,5300,12.2,8.05856,5.9,14.3,6176168,12
2026-09-13,151307,Bryce Young,CAR,CHI,QB,5200,16.1,8.59824,4.7,-40.9,6176168,12
2026-09-13,151307,Rome Odunze,CHI,CAR,WR,5400,8.4,6.7547999999999995,2.1,10.1,6176168,12
2026-09-13,151307,Kalif Raymond,CHI,CAR,WR,3300,3.4,4.969799999999999,0.7,-2.9,6176168,12
2026-09-13,151307,Caleb Williams,CHI,CAR,QB,6300,18.8,8.701920000000001,2.9,36.4,6176168,12
2026-09-13,151307,Trevor Lawrence,JAX,CLE,QB,5800,18.3,8.68272,6.1,-9.1,6176030,12
2026-09-13,151307,Brenton Strange,JAX,CLE,TE,3600,8.0,6.0434,5.1,-21.4,6176030,12
2026-09-13,151307,Harold Fannin Jr.,CLE,JAX,TE,4200,8.9,6.47522,4.2,3.6,6176030,12
2026-09-13,151307,Jerry Jeudy,CLE,JAX,WR,4100,7.1,6.290699999999999,3.1,-7.2,6176030,12
2026-09-13,151307,Jakobi Meyers,JAX,CLE,WR,5000,8.4,6.7547999999999995,2.8,1.4,6176030,12
2026-09-13,151307,Denzel Boston,CLE,JAX,WR,4400,5.7,5.7909,1.2,2.9,6176030,12
2026-09-13,151307,KC Concepcion,CLE,JAX,WR,4600,8.1,6.6476999999999995,3.3,-7.2,6176030,12
2026-09-13,151307,Parker Washington,JAX,CLE,WR,5600,11.7,7.9329,6.6,-1.4,6176030,12
2026-09-13,151307,Quinshon Judkins,CLE,JAX,RB,5500,11.5,7.6560500000000005,8.0,-5.4,6176030,12
2026-09-13,151307,Chris Rodriguez Jr.,JAX,CLE,RB,5100,5.4,5.96818,1.2,2.7,6176030,12
2026-09-13,151307,Deshaun Watson,CLE,JAX,QB,4700,12.3,8.45232,0.6,-4.5,6176030,12
2026-09-13,151307,Brian Thomas Jr.,JAX,CLE,WR,5500,8.3,6.7191,1.9,10.1,6176030,12
2026-09-13,151307,Bhayshul Tuten,JAX,CLE,RB,5800,10.3,7.32401,4.5,8.1,6176030,12
2026-09-13,151307,Kyle Pitts Sr.,ATL,PIT,TE,4700,9.3,6.667140000000001,3.2,25.0,6176144,12
2026-09-13,151307,Jaylen Warren,PIT,ATL,RB,5400,11.2,7.573040000000001,7.7,-5.4,6176144,12
2026-09-13,151307,Aaron Rodgers,PIT,ATL,QB,5300,13.9,8.513760000000001,0.6,4.5,6176144,12
2026-09-13,151307,Pat Freiermuth,PIT,ATL,TE,3400,6.3,5.22774,2.6,3.6,6176144,12
2026-09-13,151307,Darnell Washington,PIT,ATL,TE,3000,3.9,4.07622,0.9,-3.6,6176144,12
2026-09-13,151307,Brian Robinson Jr.,ATL,PIT,RB,4700,2.8,5.24876,0.5,2.7,6176144,12
2026-09-13,151307,Roman Wilson,PIT,ATL,WR,3100,2.6,4.6842,0.5,-1.4,6176144,12
2026-09-13,151307,Drake London,ATL,PIT,WR,6500,12.2,8.1114,4.2,23.2,6176144,12
2026-09-13,151307,Michael Pittman Jr.,PIT,ATL,WR,4900,9.3,7.0761,4.4,-1.4,6176144,12
2026-09-13,151307,Cooper Rush,ATL,PIT,QB,4000,9.8,8.35632,0.3,0.0,6176144,12
2026-09-13,151307,Jahan Dotson,ATL,PIT,WR,3700,3.2,4.8984,0.5,0.0,6176144,12
2026-09-13,151307,Bijan Robinson,ATL,PIT,RB,7700,20.3,10.09101,21.3,0.0,6176144,12
2026-09-13,151307,DK Metcalf,PIT,ATL,WR,5400,10.5,7.5045,4.8,7.2,6176144,12
2026-09-13,151307,Rico Dowdle,PIT,ATL,RB,5200,10.2,7.29634,6.3,-5.4,6176144,12
2026-09-13,151307,Tony Pollard,TEN,NYJ,RB,5600,9.9,7.213330000000001,4.5,-2.7,6176114,12
2026-09-13,151307,Adonai Mitchell,NYJ,TEN,WR,4000,7.2,6.3264,3.6,-11.6,6176114,12
2026-09-13,151307,Calvin Ridley,TEN,NYJ,WR,4500,5.7,5.7909,1.1,5.8,6176114,12
2026-09-13,151307,Tyjae Spears,TEN,NYJ,RB,5100,8.4,6.79828,3.6,-2.7,6176114,12
2026-09-13,151307,Wan'Dale Robinson,TEN,NYJ,WR,4800,10.5,7.5045,8.1,-11.6,6176114,12
2026-09-13,151307,Garrett Wilson,NYJ,TEN,WR,5800,14.7,9.0039,16.9,-1.4,6176114,12
2026-09-13,151307,Omar Cooper Jr.,NYJ,TEN,WR,4100,3.3,4.9341,0.4,4.3,6176114,12
2026-09-13,151307,Carnell Tate,TEN,NYJ,WR,5300,8.6,6.8262,2.4,10.1,6176114,12
2026-09-13,151307,Geno Smith,NYJ,TEN,QB,4600,13.3,8.49072,1.9,-18.2,6176114,12
2026-09-13,151307,Mason Taylor,NYJ,TEN,TE,2800,5.2,4.699960000000001,2.6,-7.1,6176114,12
2026-09-13,151307,Gunnar Helm,TEN,NYJ,TE,3200,4.9,4.55602,1.4,3.6,6176114,12
2026-09-13,151307,Braelon Allen,NYJ,TEN,RB,4700,2.8,5.24876,0.5,2.7,6176114,12
2026-09-13,151307,Kenyon Sadiq,NYJ,TEN,TE,3800,3.5,3.8843,0.5,0.0,6176114,12
2026-09-13,151307,Breece Hall,NYJ,TEN,RB,6200,15.2,8.67984,15.3,-5.4,6176114,12
2026-09-13,151307,Devaughn Vele,NO,DET,WR,3500,9.1,7.0047,19.4,-43.5,6176012,12
2026-09-13,151307,Amon-Ra St. Brown,DET,NO,WR,7500,17.9,10.146299999999998,12.3,5.8,6176012,12
2026-09-13,151307,Juwan Johnson,NO,DET,TE,3700,10.0,7.003,12.4,-17.9,6176012,12
2026-09-13,151307,Travis Etienne Jr.,NO,DET,RB,5900,13.1,8.09877,10.1,-8.1,6176012,12
2026-09-13,151307,Isaac TeSlaa,DET,NO,WR,3900,3.8,5.1126,0.6,1.4,6176012,12
2026-09-13,151307,Jared Goff,DET,NO,QB,6000,17.4,8.64816,2.0,13.6,6176012,12
2026-09-13,151307,Chris Olave,NO,DET,WR,6700,17.4,9.967799999999999,19.3,0.0,6176012,12
2026-09-13,151307,Tyler Shough,NO,DET,QB,5600,18.2,8.67888,9.2,-22.7,6176012,12
2026-09-13,151307,Jameson Williams,DET,NO,WR,6000,11.8,7.9686,5.1,11.6,6176012,12
2026-09-13,151307,Jahmyr Gibbs,DET,NO,RB,8000,21.5,10.42305,23.4,0.0,6176012,12
2026-09-13,151307,Sam LaPorta,DET,NO,TE,4400,10.1,7.05098,5.8,3.6,6176012,12
2026-09-13,151307,Rashod Bateman,BAL,IND,WR,3900,5.8,5.826599999999999,1.8,0.0,6175934,12
2026-09-13,151307,Daniel Jones,IND,BAL,QB,5400,16.4,8.60976,3.7,-22.7,6175934,12
2026-09-13,151307,Derrick Henry,BAL,IND,RB,6700,14.0,8.3478,8.0,5.4,6175934,12
2026-09-13,151307,Jonathan Taylor,IND,BAL,RB,7300,16.5,9.03955,10.8,5.4,6175934,12
2026-09-13,151307,Alec Pierce,IND,BAL,WR,5700,9.0,6.968999999999999,2.2,15.9,6175934,12
2026-09-13,151307,Josh Downs,IND,BAL,WR,5200,10.7,7.575899999999999,6.1,-2.9,6175934,12
2026-09-13,151307,Tyler Warren,IND,BAL,TE,4900,11.3,7.626740000000001,5.9,7.1,6175934,12
2026-09-13,151307,Lamar Jackson,BAL,IND,QB,6800,21.3,8.797920000000001,5.5,18.2,6175934,12
2026-09-13,151307,Mark Andrews,BAL,IND,TE,3900,7.8,5.94744,3.4,-3.6,6175934,12
2026-09-13,151307,Justice Hill,BAL,IND,RB,4200,4.6,5.74682,1.3,-2.7,6175934,12
2026-09-13,151307,Zay Flowers,BAL,IND,WR,6400,14.6,8.9682,9.9,1.4,6175934,12
2026-09-13,151307,Keenan Allen,IND,BAL,WR,4700,7.0,6.254999999999999,1.8,5.8,6175934,12
2026-09-13,151307,Ja'Kobi Lane,BAL,IND,WR,3100,4.4,5.3267999999999995,1.6,-8.7,6175934,12
2026-09-13,151307,Chase Brown,CIN,TB,RB,7100,15.0,8.624500000000001,8.3,10.8,6175928,12
2026-09-13,151307,Ja'Marr Chase,CIN,TB,WR,7800,20.1,10.9317,18.5,4.3,6175928,12
2026-09-13,151307,Mike Gesicki,CIN,TB,TE,3100,5.0,4.604,1.6,3.6,6175928,12
2026-09-13,151307,Samaje Perine,CIN,TB,RB,4600,4.1,5.6084700000000005,0.9,0.0,6175928,12
2026-09-13,151307,Cade Otton,TB,CIN,TE,3700,8.0,6.0434,4.6,-10.7,6175928,12
2026-09-13,151307,Bucky Irving,TB,CIN,RB,5700,12.7,7.98809,10.2,-13.5,6175928,12
2026-09-13,151307,Joe Burrow,CIN,TB,QB,6900,21.3,8.797920000000001,4.5,31.8,6175928,12
2026-09-13,151307,Baker Mayfield,TB,CIN,QB,5900,18.1,8.675040000000001,4.2,0.0,6175928,12
2026-09-13,151307,Tee Higgins,CIN,TB,WR,6300,13.8,8.682599999999999,8.1,4.3,6175928,12
2026-09-13,151307,Andrei Iosivas,CIN,TB,WR,3300,3.0,4.827,0.5,-2.9,6175928,12
2026-09-13,151307,Emeka Egbuka,TB,CIN,WR,6200,12.5,8.218499999999999,5.6,10.1,6175928,12
2026-09-13,151307,Makai Lemon,PHI,WAS,WR,5100,5.3,5.6480999999999995,0.7,10.1,6175988,12
2026-09-13,151307,Jayden Daniels,WAS,PHI,QB,6500,17.9,8.66736,1.1,31.8,6175988,12
2026-09-13,151307,Dontayvion Wicks,PHI,WAS,WR,4100,6.4,6.0408,2.1,-1.4,6175988,12
2026-09-13,151307,Jacory Croskey-Merritt,WAS,PHI,RB,5300,7.5,6.549250000000001,2.4,0.0,6175988,12
2026-09-13,151307,Terry McLaurin,WAS,PHI,WR,5700,10.7,7.575899999999999,4.2,14.5,6175988,12
2026-09-13,151307,Dallas Goedert,PHI,WAS,TE,4100,8.9,6.47522,4.6,0.0,6175988,12
2026-09-13,151307,Saquon Barkley,PHI,WAS,RB,6900,16.0,8.9012,12.0,0.0,6175988,12
2026-09-13,151307,Stefon Diggs,WAS,PHI,WR,5200,9.4,7.1118,3.6,7.2,6175988,12
2026-09-13,151307,Rachaad White,WAS,PHI,RB,5200,7.3,6.49391,2.3,0.0,6175988,12
2026-09-13,151307,Jalen Hurts,PHI,WAS,QB,6600,18.9,8.70576,1.7,59.1,6175988,12
2026-09-13,151307,DeVonta Smith,PHI,WAS,WR,6600,14.6,8.9682,8.5,5.8,6175988,12
2026-09-13,151307,Tank Bigsby,PHI,WAS,RB,4900,2.6,5.193420000000001,0.5,-5.4,6175988,12
2026-09-13,151307,Jayden Reed,GB,MIN,WR,4900,9.8,7.2546,5.4,-4.3,6175964,12
2026-09-13,151307,Justin Jefferson,MIN,GB,WR,7300,17.2,9.8964,11.6,4.3,6175964,12
2026-09-13,151307,Matthew Golden,GB,MIN,WR,4700,8.7,6.8618999999999994,4.0,-4.3,6175964,12
2026-09-13,151307,Tucker Kraft,GB,MIN,TE,4500,10.5,7.242900000000001,6.3,0.0,6175964,12
2026-09-13,151307,MarShawn Lloyd,GB,MIN,RB,4800,9.8,7.18566,7.3,-16.2,6175964,12
2026-09-13,151307,Christian Watson,GB,MIN,WR,5900,11.8,7.9686,5.4,8.7,6175964,12
2026-09-13,151307,Josh Oliver,MIN,GB,TE,2800,2.4,3.3565199999999997,0.4,-3.6,6175964,12
2026-09-13,151307,Jordan Love,GB,MIN,QB,5700,17.0,8.6328,2.9,-9.1,6175964,12
2026-09-13,151307,T.J. Hockenson,MIN,GB,TE,3300,6.8,5.467639999999999,3.8,-10.7,6175964,12
2026-09-13,151307,Jauan Jennings,MIN,GB,WR,4300,5.1,5.5767,1.0,4.3,6175964,12
2026-09-13,151307,Kyler Murray,MIN,GB,QB,5500,18.0,8.6712,10.2,-36.4,6175964,12
2026-09-13,151307,Jordan Addison,MIN,GB,WR,5800,9.5,7.147499999999999,2.5,18.8,6175964,12
2026-09-13,151307,Jordan Mason,MIN,GB,RB,5400,6.6,6.30022,1.7,2.7,6175964,12
2026-09-13,151307,Malik Willis,MIA,LV,QB,5300,17.1,8.63664,8.3,-40.9,6176090,12
2026-09-13,151307,De'Von Achane,MIA,LV,RB,7000,18.1,9.48227,19.4,0.0,6176090,12
2026-09-13,151307,Mike Washington Jr.,LV,MIA,RB,4600,4.1,5.6084700000000005,0.9,0.0,6176090,12
2026-09-13,151307,Malik Washington,MIA,LV,WR,4200,6.7,6.1479,2.3,-2.9,6176090,12
2026-09-13,151307,Caleb Douglas,MIA,LV,WR,3000,5.9,5.862299999999999,5.1,-36.2,6176090,12
2026-09-13,151307,Jack Bech,LV,MIA,WR,3600,4.3,5.2911,1.0,-4.3,6176090,12
2026-09-13,151307,Jalen Tolbert,MIA,LV,WR,3500,2.4,4.6128,0.3,0.0,6176090,12
2026-09-13,151307,Chris Bell,MIA,LV,WR,3200,4.3,5.2911,1.4,-10.1,6176090,12
2026-09-13,151307,Greg Dulcich,MIA,LV,TE,3500,6.0,5.0838,2.0,7.1,6176090,12
2026-09-13,151307,Jalen Nailor,LV,MIA,WR,4300,8.4,6.7547999999999995,4.9,-15.9,6176090,12
2026-09-13,151307,Tre Tucker,LV,MIA,WR,4000,10.8,7.611599999999999,24.0,-24.6,6176090,12
2026-09-13,151307,Kirk Cousins,LV,MIA,QB,5000,12.6,8.463840000000001,0.4,4.5,6176090,12
2026-09-13,151307,Ashton Jeanty,LV,MIA,RB,6600,14.2,8.40314,8.9,0.0,6176090,12
2026-09-13,151307,Michael Mayer,LV,MIA,TE,2900,10.2,7.09896,23.9,-14.3,6176090,12
2026-09-13,151307,Keaton Mitchell,LAC,ARI,RB,4800,3.8,5.525460000000001,0.8,0.0,6176048,12
2026-09-13,151307,Tyler Allgeier,ARI,LAC,RB,4900,4.4,5.69148,0.9,0.0,6176048,12
2026-09-13,151307,Kendrick Bourne,ARI,LAC,WR,3600,4.4,5.3267999999999995,1.0,0.0,6176048,12
2026-09-13,151307,Charlie Kolar,LAC,ARI,TE,2500,4.3,4.26814,2.0,-10.7,6176048,12
2026-09-13,151307,Jeremiyah Love,ARI,LAC,RB,6400,9.9,7.213330000000001,3.0,8.1,6176048,12
2026-09-13,151307,Ladd McConkey,LAC,ARI,WR,5900,13.1,8.432699999999999,8.7,0.0,6176048,12
2026-09-13,151307,Quentin Johnston,LAC,ARI,WR,4700,9.2,7.0404,5.0,-8.7,6176048,12
2026-09-13,151307,Tre' Harris,LAC,ARI,WR,3800,6.1,5.9337,2.4,-8.7,6176048,12
2026-09-13,151307,Jacoby Brissett,ARI,LAC,QB,5100,14.9,8.55216,2.2,-18.2,6176048,12
2026-09-13,151307,Marvin Harrison Jr.,ARI,LAC,WR,5000,10.3,7.4331,6.2,-8.7,6176048,12
2026-09-13,151307,Justin Herbert,LAC,ARI,QB,6100,21.2,8.794080000000001,23.1,-9.1,6176048,12
2026-09-13,151307,Omarion Hampton,LAC,ARI,RB,6800,14.5,8.48615,8.6,5.4,6176048,12
2026-09-13,151307,Trey McBride,ARI,LAC,TE,6800,14.1,8.97018,3.9,39.3,6176048,12
2026-09-13,151307,Michael Wilson,ARI,LAC,WR,5300,9.5,7.147499999999999,3.5,13.0,6176048,12
2026-09-13,151307,Chargers,LAC,ARI,DST,3500,6.6,5.564,0.5,78.3,6176048,12
2026-09-13,151307,Jaguars,JAX,CLE,DST,3400,7.9,5.564,5.1,21.7,6176030,12
2026-09-13,151307,Steelers,PIT,ATL,DST,3300,7.5,5.564,3.9,26.1,6176144,12
2026-09-13,151307,Lions,DET,NO,DST,3200,6.0,5.564,0.5,56.5,6176012,12
2026-09-13,151307,Eagles,PHI,WAS,DST,3200,6.6,5.564,1.3,52.2,6175988,12
2026-09-13,151307,Bills,BUF,HOU,DST,3100,5.8,5.564,0.5,34.8,6175952,12
2026-09-13,151307,Titans,TEN,NYJ,DST,3100,6.7,5.564,2.2,39.1,6176114,12
2026-09-13,151307,Packers,GB,MIN,DST,3000,5.7,5.564,0.6,17.4,6175964,12
2026-09-13,151307,Ravens,BAL,IND,DST,3000,5.8,5.564,0.7,30.4,6175934,12
2026-09-13,151307,Texans,HOU,BUF,DST,2900,5.9,5.564,1.1,26.1,6175952,12
2026-09-13,151307,Raiders,LV,MIA,DST,2900,6.8,5.564,5.7,8.7,6176090,12
2026-09-13,151307,Bears,CHI,CAR,DST,2800,6.0,5.564,2.0,21.7,6176168,12
2026-09-13,151307,Vikings,MIN,GB,DST,2800,5.9,5.564,1.7,21.7,6175964,12
2026-09-13,151307,Bengals,CIN,TB,DST,2700,5.7,5.564,1.7,-4.3,6175928,12
2026-09-13,151307,Dolphins,MIA,LV,DST,2700,6.0,5.564,3.0,8.7,6176090,12
2026-09-13,151307,Falcons,ATL,PIT,DST,2600,5.7,5.564,2.6,-13.0,6176144,12
2026-09-13,151307,Buccaneers,TB,CIN,DST,2600,5.2,5.564,0.9,-13.0,6175928,12
2026-09-13,151307,Jets,NYJ,TEN,DST,2500,6.3,5.564,14.3,-21.7,6176114,12
2026-09-13,151307,Panthers,CAR,CHI,DST,2500,5.5,5.564,2.7,-39.1,6176168,12
2026-09-13,151307,Colts,IND,BAL,DST,2400,5.4,5.564,3.5,-52.2,6175934,12
2026-09-13,151307,Commanders,WAS,PHI,DST,2300,5.5,5.564,7.3,-65.2,6175988,12
2026-09-13,151307,Saints,NO,DET,DST,2200,5.0,5.564,3.9,-73.9,6176012,12
2026-09-13,151307,Browns,CLE,JAX,DST,2100,5.6,5.564,21.5,-73.9,6176030,12
2026-09-13,151307,Cardinals,ARI,LAC,DST,2000,5.0,5.564,12.9,-87.0,6176048,12
2026-09-20,153428,Jalen Coker,CAR,ATL,WR,5100,11.7,7.9329,11.9,-13.2,6176036,13
2026-09-20,153428,Darren Waller,CAR,ATL,TE,3100,4.3,4.26814,0.9,0.0,6176036,13
2026-09-20,153428,Chuba Hubbard,CAR,ATL,RB,5800,11.4,7.62838,5.9,-2.2,6176036,13
2026-09-20,153428,Bijan Robinson,ATL,CAR,RB,8200,23.3,10.92111,27.3,0.0,6176036,13
2026-09-20,153428,Cooper Rush,ATL,CAR,QB,4200,10.0,8.364,0.3,0.0,6176036,13
2026-09-20,153428,Kyle Pitts Sr.,ATL,CAR,TE,4500,7.5,5.8035,1.6,24.2,6176036,13
2026-09-20,153428,Brian Robinson Jr.,ATL,CAR,RB,4700,3.8,5.525460000000001,0.8,4.4,6176036,13
2026-09-20,153428,Tommy Tremble,CAR,ATL,TE,2600,3.4,3.8363199999999997,0.8,-3.0,6176036,13
2026-09-20,153428,Jonathon Brooks,CAR,ATL,RB,4800,4.9,5.82983,1.1,2.2,6176036,13
2026-09-20,153428,Tetairoa McMillan,CAR,ATL,WR,6100,12.8,8.3256,6.9,14.7,6176036,13
2026-09-20,153428,Bryce Young,CAR,ATL,QB,5400,16.4,8.60976,4.5,-8.3,6176036,13
2026-09-20,153428,Xavier Legette,CAR,ATL,WR,3400,3.3,4.9341,0.3,1.5,6176036,13
2026-09-20,153428,Jahan Dotson,ATL,CAR,WR,3400,4.1,5.2197,0.6,-2.9,6176036,13
2026-09-20,153428,Drake London,ATL,CAR,WR,6000,12.7,8.2899,7.2,10.3,6176036,13
2026-09-20,153428,Justice Hill,BAL,NO,RB,4200,3.6,5.4701200000000005,0.8,-2.2,6176066,13
2026-09-20,153428,Tyler Shough,NO,BAL,QB,5300,16.3,8.605920000000001,5.3,-29.2,6176066,13
2026-09-20,153428,Bryce Lance,NO,BAL,WR,3200,4.1,5.2197,0.7,-7.4,6176066,13
2026-09-20,153428,Mark Andrews,BAL,NO,TE,4400,10.7,7.3388599999999995,7.3,-6.1,6176066,13
2026-09-20,153428,Rashod Bateman,BAL,NO,WR,4400,8.0,6.612,3.1,-2.9,6176066,13
2026-09-20,153428,Chris Olave,NO,BAL,WR,7200,15.2,9.1824,7.1,19.1,6176066,13
2026-09-20,153428,Juwan Johnson,NO,BAL,TE,3900,8.8,6.42724,5.2,-15.2,6176066,13
2026-09-20,153428,Travis Etienne Jr.,NO,BAL,RB,6000,9.5,7.102650000000001,3.0,6.7,6176066,13
2026-09-20,153428,Alvin Kamara,NO,BAL,RB,4600,5.4,5.96818,1.5,0.0,6176066,13
2026-09-20,153428,Devaughn Vele,NO,BAL,WR,4200,9.5,7.147499999999999,10.9,-20.6,6176066,13
2026-09-20,153428,LaJohntay Wester,BAL,NO,WR,3100,4.8,5.4696,1.5,-14.7,6176066,13
2026-09-20,153428,Noah Fant,NO,BAL,TE,3400,3.9,4.07622,0.6,6.1,6176066,13
2026-09-20,153428,Derrick Henry,BAL,NO,RB,7200,16.6,9.06722,10.6,8.9,6176066,13
2026-09-20,153428,Lamar Jackson,BAL,NO,QB,7300,20.7,8.77488,1.9,70.8,6176066,13
2026-09-20,153428,Christian Watson,GB,NYJ,WR,6200,12.5,8.218499999999999,5.5,14.7,6176006,13
2026-09-20,153428,Breece Hall,NYJ,GB,RB,6200,14.9,8.59683,12.6,-4.4,6176006,13
2026-09-20,153428,Adonai Mitchell,NYJ,GB,WR,4000,7.4,6.3978,3.4,-16.2,6176006,13
2026-09-20,153428,Kenyon Sadiq,NYJ,GB,TE,3800,5.0,4.604,0.8,12.1,6176006,13
2026-09-20,153428,Braelon Allen,NYJ,GB,RB,4200,3.4,5.41478,0.8,-6.7,6176006,13
2026-09-20,153428,Chris Brooks,GB,NYJ,RB,4800,6.1,6.16187,1.7,0.0,6176006,13
2026-09-20,153428,Jordan Love,GB,NYJ,QB,5900,18.1,8.675040000000001,5.1,4.2,6176006,13
2026-09-20,153428,Jonnu Smith,GB,NYJ,TE,2900,2.7,3.5004600000000003,0.4,0.0,6176006,13
2026-09-20,153428,Mason Taylor,NYJ,GB,TE,2800,4.8,4.508039999999999,1.8,-12.1,6176006,13
2026-09-20,153428,Tucker Kraft,GB,NYJ,TE,4900,9.6,6.81108,2.9,27.3,6176006,13
2026-09-20,153428,MarShawn Lloyd,GB,NYJ,RB,5300,9.1,6.99197,3.8,2.2,6176006,13
2026-09-20,153428,Matthew Golden,GB,NYJ,WR,4700,10.8,7.611599999999999,12.0,-23.5,6176006,13
2026-09-20,153428,Geno Smith,NYJ,GB,QB,4800,13.8,8.509920000000001,2.3,-16.7,6176006,13
2026-09-20,153428,Garrett Wilson,NYJ,GB,WR,6000,15.5,9.2895,26.6,-5.9,6176006,13
2026-09-20,153428,Jayden Reed,GB,NYJ,WR,4500,8.7,6.8618999999999994,4.3,-5.9,6176006,13
2026-09-20,153428,Carson Wentz,MIN,CHI,QB,4600,15.0,8.556000000000001,11.7,-70.8,6176204,13
2026-09-20,153428,D'Andre Swift,CHI,MIN,RB,6300,12.7,7.98809,6.4,4.4,6176204,13
2026-09-20,153428,Rome Odunze,CHI,MIN,WR,5500,8.0,6.612,1.1,26.5,6176204,13
2026-09-20,153428,Colston Loveland,CHI,MIN,TE,5000,12.0,7.9626,6.8,6.1,6176204,13
2026-09-20,153428,Justin Jefferson,MIN,CHI,WR,7800,18.3,10.2891,13.8,1.5,6176204,13
2026-09-20,153428,Kalif Raymond,CHI,MIN,WR,3600,5.3,5.6480999999999995,1.2,-5.9,6176204,13
2026-09-20,153428,Kyle Monangai,CHI,MIN,RB,5300,7.9,6.65993,2.5,2.2,6176204,13
2026-09-20,153428,Luther Burden III,CHI,MIN,WR,5700,11.6,7.8972,5.8,5.9,6176204,13
2026-09-20,153428,Jordan Addison,MIN,CHI,WR,5100,9.0,6.968999999999999,2.7,17.6,6176204,13
2026-09-20,153428,Josh Oliver,MIN,CHI,TE,2500,3.3,3.78834,0.8,-15.2,6176204,13
2026-09-20,153428,Caleb Williams,CHI,MIN,QB,6800,20.3,8.75952,3.6,50.0,6176204,13
2026-09-20,153428,T.J. Hockenson,MIN,CHI,TE,3500,7.6,5.8514800000000005,4.4,-15.2,6176204,13
2026-09-20,153428,Cole Kmet,CHI,MIN,TE,3000,3.3,3.78834,0.5,3.0,6176204,13
2026-09-20,153428,Kayshon Boutte,HOU,CIN,WR,4000,7.8,6.5405999999999995,4.5,-23.5,6175946,13
2026-09-20,153428,Andrei Iosivas,CIN,HOU,WR,3100,3.2,4.8984,0.3,-1.5,6175946,13
2026-09-20,153428,Chase Brown,CIN,HOU,RB,6900,13.9,8.32013,6.4,8.9,6175946,13
2026-09-20,153428,David Montgomery,HOU,CIN,RB,6500,12.7,7.98809,5.7,11.1,6175946,13
2026-09-20,153428,Woody Marks,HOU,CIN,RB,4500,6.7,6.32789,2.5,-6.7,6175946,13
2026-09-20,153428,Mike Gesicki,CIN,HOU,TE,3600,5.8,4.98784,1.5,6.1,6175946,13
2026-09-20,153428,Dalton Schultz,HOU,CIN,TE,3200,11.1,7.53078,19.9,-6.1,6175946,13
2026-09-20,153428,Ja'Marr Chase,CIN,HOU,WR,7600,17.5,10.003499999999999,12.2,4.4,6175946,13
2026-09-20,153428,Joe Burrow,CIN,HOU,QB,6600,17.7,8.65968,1.0,45.8,6175946,13
2026-09-20,153428,C.J. Stroud,HOU,CIN,QB,5500,15.9,8.59056,2.4,-4.2,6175946,13
2026-09-20,153428,Jaylin Noel,HOU,CIN,WR,3700,5.9,5.862299999999999,1.7,-7.4,6175946,13
2026-09-20,153428,Xavier Hutchinson,HOU,CIN,WR,3500,6.7,6.1479,4.1,-32.4,6175946,13
2026-09-20,153428,Tee Higgins,CIN,HOU,WR,6100,11.4,7.825799999999999,3.6,17.6,6175946,13
2026-09-20,153428,Samaje Perine,CIN,HOU,RB,4400,4.7,5.77449,1.2,-2.2,6175946,13
2026-09-20,153428,DK Metcalf,PIT,NE,WR,5200,12.5,8.218499999999999,16.2,-14.7,6175982,13
2026-09-20,153428,Drake Maye,NE,PIT,QB,6100,18.9,8.70576,5.9,4.2,6175982,13
2026-09-20,153428,Germie Bernard,PIT,NE,WR,3400,3.4,4.969799999999999,0.3,0.0,6175982,13
2026-09-20,153428,Romeo Doubs,NE,PIT,WR,5000,9.0,6.968999999999999,3.0,14.7,6175982,13
2026-09-20,153428,Pat Freiermuth,PIT,NE,TE,3700,7.4,5.755520000000001,3.1,-9.1,6175982,13
2026-09-20,153428,Rico Dowdle,PIT,NE,RB,4900,8.8,6.90896,4.3,-8.9,6175982,13
2026-09-20,153428,Darnell Washington,PIT,NE,TE,2900,3.9,4.07622,0.9,-9.1,6175982,13
2026-09-20,153428,Mack Hollins,NE,PIT,WR,4300,8.0,6.612,3.5,-5.9,6175982,13
2026-09-20,153428,Roman Wilson,PIT,NE,WR,3200,7.5,6.4334999999999996,13.7,-58.8,6175982,13
2026-09-20,153428,Jaylen Warren,PIT,NE,RB,5400,11.9,7.766730000000001,8.9,-8.9,6175982,13
2026-09-20,153428,Hunter Henry,NE,PIT,TE,4000,8.4,6.235320000000001,3.8,-6.1,6175982,13
2026-09-20,153428,Aaron Rodgers,PIT,NE,QB,5100,11.9,8.436960000000001,0.3,4.2,6175982,13
2026-09-20,153428,DeMario Douglas,NE,PIT,WR,3800,8.2,6.683399999999999,8.1,-26.5,6175982,13
2026-09-20,153428,Rhamondre Stevenson,NE,PIT,RB,5700,11.8,7.73906,7.0,-6.7,6175982,13
2026-09-20,153428,TreVeyon Henderson,NE,PIT,RB,5200,7.5,6.549250000000001,2.3,4.4,6175982,13
2026-09-20,153428,Baker Mayfield,TB,CLE,QB,5600,17.6,8.655840000000001,7.1,-33.3,6175970,13
2026-09-20,153428,Harold Fannin Jr.,CLE,TB,TE,4100,8.9,6.47522,4.4,-6.1,6175970,13
2026-09-20,153428,Cade Otton,TB,CLE,TE,3400,6.7,5.41966,3.0,-12.1,6175970,13
2026-09-20,153428,Jerry Jeudy,CLE,TB,WR,3900,6.2,5.9694,1.7,-4.4,6175970,13
2026-09-20,153428,Quinshon Judkins,CLE,TB,RB,5400,10.9,7.490030000000001,6.4,-11.1,6175970,13
2026-09-20,153428,Emeka Egbuka,TB,CLE,WR,6400,11.7,7.9329,3.2,29.4,6175970,13
2026-09-20,153428,Deshaun Watson,CLE,TB,QB,4500,13.6,8.50224,4.2,-37.5,6175970,13
2026-09-20,153428,Jalen McMillan,TB,CLE,WR,4400,5.1,5.5767,0.5,5.9,6175970,13
2026-09-20,153428,Raheim Sanders,CLE,TB,RB,4000,1.4,4.8613800000000005,0.3,0.0,6175970,13
2026-09-20,153428,Denzel Boston,CLE,TB,WR,4200,6.8,6.1836,1.8,-2.9,6175970,13
2026-09-20,153428,Bucky Irving,TB,CLE,RB,6100,14.4,8.45848,11.7,-4.4,6175970,13
2026-09-20,153428,Dallas Goedert,PHI,TEN,TE,4800,9.0,6.5232,2.5,30.3,6176042,13
2026-09-20,153428,Dontayvion Wicks,PHI,TEN,WR,4300,6.8,6.1836,1.6,4.4,6176042,13
2026-09-20,153428,Tony Pollard,TEN,PHI,RB,5300,8.2,6.74294,2.8,0.0,6176042,13
2026-09-20,153428,Wan'Dale Robinson,TEN,PHI,WR,4600,9.6,7.183199999999999,6.7,-4.4,6176042,13
2026-09-20,153428,Tyjae Spears,TEN,PHI,RB,4800,7.1,6.43857,2.5,-6.7,6176042,13
2026-09-20,153428,DeVonta Smith,PHI,TEN,WR,6800,13.1,8.432699999999999,4.3,26.5,6176042,13
2026-09-20,153428,Calvin Ridley,TEN,PHI,WR,4100,4.1,5.2197,0.3,2.9,6176042,13
2026-09-20,153428,Carnell Tate,TEN,PHI,WR,5100,9.4,7.1118,3.4,11.8,6176042,13
2026-09-20,153428,Gunnar Helm,TEN,PHI,TE,3100,6.1,5.13178,2.9,-18.2,6176042,13
2026-09-20,153428,Makai Lemon,PHI,TEN,WR,4600,5.9,5.862299999999999,0.7,7.4,6176042,13
2026-09-20,153428,Saquon Barkley,PHI,TEN,RB,7000,15.8,8.84586,9.8,6.7,6176042,13
2026-09-20,153428,Jalen Hurts,PHI,TEN,QB,6700,18.4,8.68656,1.3,54.2,6176042,13
2026-09-20,153428,Parker Washington,JAX,DEN,WR,5900,13.0,8.397,9.2,4.4,6176084,13
2026-09-20,153428,Brian Thomas Jr.,JAX,DEN,WR,4800,7.1,6.290699999999999,1.2,10.3,6176084,13
2026-09-20,153428,Courtland Sutton,DEN,JAX,WR,5800,9.3,7.0761,1.7,30.9,6176084,13
2026-09-20,153428,Bo Nix,DEN,JAX,QB,5700,17.8,8.66352,6.5,-20.8,6176084,13
2026-09-20,153428,Pat Bryant,DEN,JAX,WR,4200,7.5,6.4334999999999996,2.9,-5.9,6176084,13
2026-09-20,153428,Bhayshul Tuten,JAX,DEN,RB,5600,9.7,7.15799,3.9,4.4,6176084,13
2026-09-20,153428,Jaylen Waddle,DEN,JAX,WR,6500,12.1,8.0757,3.5,26.5,6176084,13
2026-09-20,153428,Trevor Lawrence,JAX,DEN,QB,5800,16.7,8.62128,2.3,12.5,6176084,13
2026-09-20,153428,Brenton Strange,JAX,DEN,TE,3900,7.6,5.8514800000000005,2.8,12.1,6176084,13
2026-09-20,153428,Chris Rodriguez Jr.,JAX,DEN,RB,5100,3.6,5.4701200000000005,0.6,6.7,6176084,13
2026-09-20,153428,J.K. Dobbins,DEN,JAX,RB,5000,8.7,6.88129,3.9,-6.7,6176084,13
2026-09-20,153428,Adam Trautman,DEN,JAX,TE,2800,2.0,3.1646,0.3,0.0,6176084,13
2026-09-20,153428,Jakobi Meyers,JAX,DEN,WR,4900,8.6,6.8262,2.6,14.7,6176084,13
2026-09-20,153428,Evan Engram,DEN,JAX,TE,3300,6.2,5.17976,2.5,-6.1,6176084,13
2026-09-20,153428,Oronde Gadsden II,LAC,LV,TE,3500,4.2,4.22016,0.7,9.1,6176108,13
2026-09-20,153428,Michael Mayer,LV,LAC,TE,3600,11.4,7.674720000000001,19.9,-6.1,6176108,13
2026-09-20,153428,Kirk Cousins,LV,LAC,QB,5000,11.4,8.417760000000001,0.3,-4.2,6176108,13
2026-09-20,153428,Justin Herbert,LAC,LV,QB,6000,18.4,8.68656,5.1,8.3,6176108,13
2026-09-20,153428,Omarion Hampton,LAC,LV,RB,6600,12.7,7.98809,5.4,15.6,6176108,13
2026-09-20,153428,Jalen Nailor,LV,LAC,WR,3900,7.4,6.3978,3.9,-23.5,6176108,13
2026-09-20,153428,Quentin Johnston,LAC,LV,WR,5000,11.0,7.683,9.1,-11.8,6176108,13
2026-09-20,153428,David Njoku,LAC,LV,TE,3000,6.2,5.17976,3.6,-24.2,6176108,13
2026-09-20,153428,Ashton Jeanty,LV,LAC,RB,6800,16.8,9.12256,14.2,-2.2,6176108,13
2026-09-20,153428,Tre' Harris,LAC,LV,WR,4000,7.5,6.4334999999999996,3.7,-17.6,6176108,13
2026-09-20,153428,Mike Washington Jr.,LV,LAC,RB,4300,2.4,5.13808,0.5,0.0,6176108,13
2026-09-20,153428,Keaton Mitchell,LAC,LV,RB,4600,3.2,5.35944,0.6,-2.2,6176108,13
2026-09-20,153428,Tre Tucker,LV,LAC,WR,4500,8.0,6.612,2.8,5.9,6176108,13
2026-09-20,153428,Rashid Shaheed,SEA,ARI,WR,4300,5.3,5.6480999999999995,0.6,7.4,6176126,13
2026-09-20,153428,AJ Barner,SEA,ARI,TE,3300,5.1,4.65198,1.3,3.0,6176126,13
2026-09-20,153428,Tyler Allgeier,ARI,SEA,RB,4900,5.1,5.8851700000000005,1.2,0.0,6176126,13
2026-09-20,153428,Jaxon Smith-Njigba,SEA,ARI,WR,8100,18.4,10.3248,11.2,13.2,6176126,13
2026-09-20,153428,Jadarian Price,SEA,ARI,RB,5500,11.7,7.71139,7.8,-11.1,6176126,13
2026-09-20,153428,Drew Lock,SEA,ARI,QB,4900,13.8,8.509920000000001,1.8,-4.2,6176126,13
2026-09-20,153428,Kendrick Bourne,ARI,SEA,WR,3900,5.7,5.7909,1.2,-4.4,6176126,13
2026-09-20,153428,Jeremiyah Love,ARI,SEA,RB,5900,10.3,7.32401,4.0,2.2,6176126,13
2026-09-20,153428,Michael Wilson,ARI,SEA,WR,5400,8.9,6.933299999999999,1.9,23.5,6176126,13
2026-09-20,153428,Trey McBride,ARI,SEA,TE,6900,15.4,9.59392,4.9,15.2,6176126,13
2026-09-20,153428,George Holani,SEA,ARI,RB,4500,4.3,5.66381,1.0,0.0,6176126,13
2026-09-20,153428,Jacoby Brissett,ARI,SEA,QB,5000,14.0,8.5176,1.6,4.2,6176126,13
2026-09-20,153428,Cooper Kupp,SEA,ARI,WR,4100,5.1,5.5767,0.6,2.9,6176126,13
2026-09-20,153428,Marvin Harrison Jr.,ARI,SEA,WR,4900,8.1,6.6476999999999995,2.0,13.2,6176126,13
2026-09-20,153428,Demarcus Robinson,SF,MIA,WR,3900,5.5,5.7195,1.0,0.0,6176156,13
2026-09-20,153428,Chris Bell,MIA,SF,WR,3500,4.3,5.2911,0.6,-2.9,6176156,13
2026-09-20,153428,Malik Washington,MIA,SF,WR,4000,7.8,6.5405999999999995,4.5,-23.5,6176156,13
2026-09-20,153428,Caleb Douglas,MIA,SF,WR,3700,8.1,6.6476999999999995,8.9,-29.4,6176156,13
2026-09-20,153428,Christian McCaffrey,SF,MIA,RB,8000,19.4,9.84198,13.1,4.4,6176156,13
2026-09-20,153428,Brock Purdy,SF,MIA,QB,6200,19.6,8.73264,7.7,-12.5,6176156,13
2026-09-20,153428,Malik Willis,MIA,SF,QB,5200,15.8,8.58672,4.5,-25.0,6176156,13
2026-09-20,153428,Greg Dulcich,MIA,SF,TE,3200,5.5,4.8439,1.8,-6.1,6176156,13
2026-09-20,153428,Mike Evans,SF,MIA,WR,6600,10.8,7.611599999999999,1.9,33.8,6176156,13
2026-09-20,153428,De'Von Achane,MIA,SF,RB,6700,16.5,9.03955,14.0,-4.4,6176156,13
2026-09-20,153428,Kaelon Black,SF,MIA,RB,4500,5.5,5.99585,1.6,0.0,6176156,13
2026-09-20,153428,George Kittle,SF,MIA,TE,4600,9.3,6.667140000000001,3.3,12.1,6176156,13
2026-09-20,153428,Jake Ferguson,DAL,WAS,TE,3800,6.9,5.51562,2.2,9.1,6175958,13
2026-09-20,153428,George Pickens,DAL,WAS,WR,6300,13.5,8.5755,7.8,13.2,6175958,13
2026-09-20,153428,Rachaad White,WAS,DAL,RB,5000,6.6,6.30022,1.9,0.0,6175958,13
2026-09-20,153428,Jacory Croskey-Merritt,WAS,DAL,RB,5500,7.9,6.65993,2.3,6.7,6175958,13
2026-09-20,153428,Antonio Williams,WAS,DAL,WR,4400,5.9,5.862299999999999,0.8,7.4,6175958,13
2026-09-20,153428,CeeDee Lamb,DAL,WAS,WR,7300,16.9,9.789299999999999,12.6,1.5,6175958,13
2026-09-20,153428,Javonte Williams,DAL,WAS,RB,6400,15.4,8.73518,12.7,-4.4,6175958,13
2026-09-20,153428,Stefon Diggs,WAS,DAL,WR,5300,11.2,7.7543999999999995,7.2,-4.4,6175958,13
2026-09-20,153428,Jayden Daniels,WAS,DAL,QB,6300,19.8,8.74032,7.1,-4.2,6175958,13
2026-09-20,153428,Ryan Flournoy,DAL,WAS,WR,3800,6.6,6.1122,2.5,-11.8,6175958,13
2026-09-20,153428,Dak Prescott,DAL,WAS,QB,6400,19.9,8.74416,6.1,12.5,6175958,13
2026-09-20,153428,Emari Demercado,DAL,WAS,RB,4500,1.5,4.88905,0.3,0.0,6175958,13
2026-09-20,153428,Terry McLaurin,WAS,DAL,WR,5200,11.9,8.004299999999999,11.7,-8.8,6175958,13
2026-09-20,153428,49ers,SF,MIA,DST,3800,8.1,5.564,1.9,44.0,6176156,13
2026-09-20,153428,Eagles,PHI,TEN,DST,3700,7.8,5.564,1.7,52.0,6176042,13
2026-09-20,153428,Buccaneers,TB,CLE,DST,3600,7.7,5.564,2.0,32.0,6175970,13
2026-09-20,153428,Seahawks,SEA,ARI,DST,3500,6.7,5.564,0.6,72.0,6176126,13
2026-09-20,153428,Packers,GB,NYJ,DST,3400,6.1,5.564,0.3,68.0,6176006,13
2026-09-20,153428,Ravens,BAL,NO,DST,3300,6.8,5.564,1.3,48.0,6176066,13
2026-09-20,153428,Chargers,LAC,LV,DST,3200,6.8,5.564,1.8,32.0,6176108,13
2026-09-20,153428,Patriots,NE,PIT,DST,3100,7.0,5.564,3.9,20.0,6175982,13
2026-09-20,153428,Texans,HOU,CIN,DST,3000,6.0,5.564,0.9,44.0,6175946,13
2026-09-20,153428,Bears,CHI,MIN,DST,3000,6.0,5.564,0.9,44.0,6176204,13
2026-09-20,153428,Cowboys,DAL,WAS,DST,2900,5.7,5.564,0.8,24.0,6175958,13
2026-09-20,153428,Falcons,ATL,CAR,DST,2900,5.8,5.564,0.9,28.0,6176036,13
2026-09-20,153428,Broncos,DEN,JAX,DST,2800,6.0,5.564,2.0,0.0,6176084,13
2026-09-20,153428,Steelers,PIT,NE,DST,2800,5.7,5.564,1.1,12.0,6175982,13
2026-09-20,153428,Bengals,CIN,HOU,DST,2700,5.6,5.564,1.4,-12.0,6175946,13
2026-09-20,153428,Panthers,CAR,ATL,DST,2700,6.1,5.564,3.9,0.0,6176036,13
2026-09-20,153428,Vikings,MIN,CHI,DST,2600,5.3,5.564,1.1,-16.0,6176204,13
2026-09-20,153428,Raiders,LV,LAC,DST,2600,5.5,5.564,1.7,-32.0,6176108,13
2026-09-20,153428,Cardinals,ARI,SEA,DST,2500,5.9,5.564,6.8,-32.0,6176126,13
2026-09-20,153428,Commanders,WAS,DAL,DST,2500,5.2,5.564,1.4,-36.0,6175958,13
2026-09-20,153428,Jaguars,JAX,DEN,DST,2400,5.6,5.564,5.8,-52.0,6176084,13
2026-09-20,153428,Jets,NYJ,GB,DST,2400,5.7,5.564,7.4,-48.0,6176006,13
2026-09-20,153428,Saints,NO,BAL,DST,2300,5.2,5.564,3.9,-68.0,6176066,13
2026-09-20,153428,Browns,CLE,TB,DST,2200,5.5,5.564,14.7,-76.0,6175970,13
2026-09-20,153428,Titans,TEN,PHI,DST,2100,5.7,5.564,20.5,-56.0,6176042,13
2026-09-20,153428,Dolphins,MIA,SF,DST,2000,4.9,5.564,11.2,-92.0,6176156,13
2026-09-27,153769,Deshaun Watson,CLE,CAR,QB,4700,15.8,8.58672,13.8,-65.2,6176174,13
2026-09-27,153769,Denzel Boston,CLE,CAR,WR,4500,10.1,7.361699999999999,10.6,-25.4,6176174,13
2026-09-27,153769,Bryce Young,CAR,CLE,QB,5600,16.9,8.628960000000001,3.3,-4.3,6176174,13
2026-09-27,153769,Chuba Hubbard,CAR,CLE,RB,6100,15.0,8.624500000000001,18.2,-13.8,6176174,13
2026-09-27,153769,Xavier Legette,CAR,CLE,WR,3500,3.0,4.827,0.4,0.0,6176174,13
2026-09-27,153769,Jalen Coker,CAR,CLE,WR,5500,13.6,8.6112,18.4,-11.9,6176174,13
2026-09-27,153769,Tetairoa McMillan,CAR,CLE,WR,6000,13.2,8.468399999999999,9.5,0.0,6176174,13
2026-09-27,153769,Quinshon Judkins,CLE,CAR,RB,5500,13.2,8.12644,16.5,-20.7,6176174,13
2026-09-27,153769,Tommy Tremble,CAR,CLE,TE,2500,3.1,3.69238,0.3,4.2,6176174,13
2026-09-27,153769,Darren Waller,CAR,CLE,TE,3400,5.0,4.604,0.6,0.0,6176174,13
2026-09-27,153769,Harold Fannin Jr.,CLE,CAR,TE,4000,8.8,6.42724,4.0,0.0,6176174,13
2026-09-27,153769,Geno Smith,NYJ,DET,QB,4900,13.7,8.50608,1.3,0.0,6176138,13
2026-09-27,153769,Adonai Mitchell,NYJ,DET,WR,4300,10.7,7.575899999999999,19.1,-30.5,6176138,13
2026-09-27,153769,Jahmyr Gibbs,DET,NYJ,RB,8800,22.8,10.78276,22.6,3.4,6176138,13
2026-09-27,153769,Garrett Wilson,NYJ,DET,WR,6300,15.2,9.1824,15.9,-3.4,6176138,13
2026-09-27,153769,Jared Goff,DET,NYJ,QB,6300,18.4,8.68656,2.2,34.8,6176138,13
2026-09-27,153769,Jameson Williams,DET,NYJ,WR,5400,10.9,7.6472999999999995,6.1,1.7,6176138,13
2026-09-27,153769,Amon-Ra St. Brown,DET,NYJ,WR,7900,18.6,10.3962,13.8,10.2,6176138,13
2026-09-27,153769,Breece Hall,NYJ,DET,RB,6400,14.5,8.48615,13.2,0.0,6176138,13
2026-09-27,153769,Sam LaPorta,DET,NYJ,TE,4300,10.8,7.38684,8.9,-4.2,6176138,13
2026-09-27,153769,Jakobi Meyers,JAX,NE,WR,4800,8.2,6.683399999999999,2.9,3.4,6176120,13
2026-09-27,153769,Rhamondre Stevenson,NE,JAX,RB,5400,9.6,7.13032,5.9,0.0,6176120,13
2026-09-27,153769,Brian Thomas Jr.,JAX,NE,WR,4600,8.2,6.683399999999999,3.4,0.0,6176120,13
2026-09-27,153769,Drake Maye,NE,JAX,QB,6100,17.6,8.655840000000001,1.9,30.4,6176120,13
2026-09-27,153769,Trevor Lawrence,JAX,NE,QB,5700,17.6,8.655840000000001,4.4,0.0,6176120,13
2026-09-27,153769,Brenton Strange,JAX,NE,TE,3400,6.6,5.37168,2.1,-4.2,6176120,13
2026-09-27,153769,Parker Washington,JAX,NE,WR,6000,13.7,8.646899999999999,11.6,0.0,6176120,13
2026-09-27,153769,Hunter Henry,NE,JAX,TE,3900,9.9,6.95502,9.5,-20.8,6176120,13
2026-09-27,153769,TreVeyon Henderson,NE,JAX,RB,5200,8.4,6.79828,4.5,-10.3,6176120,13
2026-09-27,153769,Chris Rodriguez Jr.,JAX,NE,RB,4600,2.9,5.27643,0.9,0.0,6176120,13
2026-09-27,153769,DeMario Douglas,NE,JAX,WR,3700,7.1,6.290699999999999,4.8,-28.8,6176120,13
2026-09-27,153769,Bhayshul Tuten,JAX,NE,RB,5600,10.7,7.43469,7.3,-3.4,6176120,13
2026-09-27,153769,Mack Hollins,NE,JAX,WR,4200,7.7,6.504899999999999,3.9,-18.6,6176120,13
2026-09-27,153769,Romeo Doubs,NE,JAX,WR,5100,9.3,7.0761,3.8,6.8,6176120,13
2026-09-27,153769,David Montgomery,HOU,IND,RB,6000,9.5,7.102650000000001,4.3,3.4,6176192,13
2026-09-27,153769,Xavier Hutchinson,HOU,IND,WR,4000,8.7,6.8618999999999994,8.9,-33.9,6176192,13
2026-09-27,153769,Woody Marks,HOU,IND,RB,5000,7.5,6.549250000000001,3.7,-6.9,6176192,13
2026-09-27,153769,C.J. Stroud,HOU,IND,QB,5500,16.3,8.605920000000001,2.6,-13.0,6176192,13
2026-09-27,153769,Josh Downs,IND,HOU,WR,5700,11.2,7.7543999999999995,5.4,13.6,6176192,13
2026-09-27,153769,Daniel Jones,IND,HOU,QB,5000,14.8,8.54832,2.6,-30.4,6176192,13
2026-09-27,153769,Jaylin Noel,HOU,IND,WR,3600,5.6,5.755199999999999,2.0,-1.7,6176192,13
2026-09-27,153769,Keenan Allen,IND,HOU,WR,4600,8.2,6.683399999999999,3.4,0.0,6176192,13
2026-09-27,153769,Kayshon Boutte,HOU,IND,WR,4500,7.4,6.3978,2.5,-3.4,6176192,13
2026-09-27,153769,Dalton Schultz,HOU,IND,TE,4200,12.0,7.9626,21.5,-8.3,6176192,13
2026-09-27,153769,Jonathan Taylor,IND,HOU,RB,7600,17.3,9.26091,13.4,17.2,6176192,13
2026-09-27,153769,Tyler Warren,IND,HOU,TE,5300,10.6,7.29088,2.4,33.3,6176192,13
2026-09-27,153769,Tre' Harris,LAC,BUF,WR,3900,6.7,6.1479,2.9,-13.6,6176072,13
2026-09-27,153769,Keaton Mitchell,LAC,BUF,RB,4300,2.0,5.0274,0.7,0.0,6176072,13
2026-09-27,153769,Josh Allen,BUF,LAC,QB,8000,22.5,8.844000000000001,1.4,69.6,6176072,13
2026-09-27,153769,Oronde Gadsden II,LAC,BUF,TE,3500,8.3,6.187340000000001,6.2,-20.8,6176072,13
2026-09-27,153769,Ladd McConkey,LAC,BUF,WR,5900,12.3,8.1471,7.2,8.5,6176072,13
2026-09-27,153769,Justin Herbert,LAC,BUF,QB,5800,16.7,8.62128,1.8,17.4,6176072,13
2026-09-27,153769,Quentin Johnston,LAC,BUF,WR,4900,7.8,6.5405999999999995,2.2,11.9,6176072,13
2026-09-27,153769,Dalton Kincaid,BUF,LAC,TE,5500,12.4,8.154520000000002,4.6,33.3,6176072,13
2026-09-27,153769,Khalil Shakir,BUF,LAC,WR,4800,9.8,7.2546,6.5,-11.9,6176072,13
2026-09-27,153769,DJ Moore,BUF,LAC,WR,5800,10.5,7.5045,3.7,16.9,6176072,13
2026-09-27,153769,Omarion Hampton,LAC,BUF,RB,6800,12.4,7.90508,6.4,3.4,6176072,13
2026-09-27,153769,Emmett Johnson,KC,MIA,RB,4400,6.3,6.21721,3.3,-6.9,6176096,13
2026-09-27,153769,Xavier Worthy,KC,MIA,WR,4400,8.8,6.8976,5.8,-16.9,6176096,13
2026-09-27,153769,Patrick Mahomes,KC,MIA,QB,6200,20.2,8.75568,8.9,0.0,6176096,13
2026-09-27,153769,Rashee Rice,KC,MIA,WR,6400,11.1,7.7187,3.1,32.2,6176096,13
2026-09-27,153769,Chris Bell,MIA,KC,WR,3400,4.8,5.4696,1.4,-5.1,6176096,13
2026-09-27,153769,Malik Willis,MIA,KC,QB,4900,15.8,8.58672,7.8,-52.2,6176096,13
2026-09-27,153769,Malik Washington,MIA,KC,WR,4200,8.3,6.7191,5.5,-16.9,6176096,13
2026-09-27,153769,De'Von Achane,MIA,KC,RB,6500,16.1,8.92887,18.7,-10.3,6176096,13
2026-09-27,153769,Travis Kelce,KC,MIA,TE,4500,11.7,7.8186599999999995,11.1,-8.3,6176096,13
2026-09-27,153769,Tyquan Thornton,KC,MIA,WR,3300,3.9,5.1483,0.8,0.0,6176096,13
2026-09-27,153769,Kenneth Walker III,KC,MIA,RB,7400,19.6,9.89732,24.9,-3.4,6176096,13
2026-09-27,153769,Greg Dulcich,MIA,KC,TE,3000,5.2,4.699960000000001,1.2,0.0,6176096,13
2026-09-27,153769,Tee Higgins,CIN,PIT,WR,6100,11.9,8.004299999999999,5.2,18.6,6176150,13
2026-09-27,153769,DK Metcalf,PIT,CIN,WR,5400,11.5,7.8614999999999995,8.0,0.0,6176150,13
2026-09-27,153769,Mike Gesicki,CIN,PIT,TE,3300,5.8,4.98784,1.3,0.0,6176150,13
2026-09-27,153769,Chase Brown,CIN,PIT,RB,6600,15.4,8.73518,14.8,0.0,6176150,13
2026-09-27,153769,Aaron Rodgers,PIT,CIN,QB,5000,13.1,8.48304,0.6,8.7,6176150,13
2026-09-27,153769,Jaylen Warren,PIT,CIN,RB,5700,8.6,6.85362,3.8,0.0,6176150,13
2026-09-27,153769,Samaje Perine,CIN,PIT,RB,4100,2.0,5.0274,0.7,0.0,6176150,13
2026-09-27,153769,Joe Burrow,CIN,PIT,QB,6600,17.4,8.64816,0.7,52.2,6176150,13
2026-09-27,153769,Ja'Marr Chase,CIN,PIT,WR,8100,17.5,10.003499999999999,8.6,13.6,6176150,13
2026-09-27,153769,Pat Freiermuth,PIT,CIN,TE,3800,8.6,6.33128,4.7,-12.5,6176150,13
2026-09-27,153769,Stefon Diggs,WAS,SEA,WR,5500,9.0,6.968999999999999,2.4,22.0,6176234,13
2026-09-27,153769,Jacory Croskey-Merritt,WAS,SEA,RB,5300,5.8,6.078860000000001,1.9,-3.4,6176234,13
2026-09-27,153769,Jaxon Smith-Njigba,SEA,WAS,WR,8600,20.5,11.074499999999999,14.8,8.5,6176234,13
2026-09-27,153769,Terry McLaurin,WAS,SEA,WR,5100,9.1,7.0047,3.5,6.8,6176234,13
2026-09-27,153769,Rashid Shaheed,SEA,WAS,WR,4200,5.9,5.862299999999999,1.4,1.7,6176234,13
2026-09-27,153769,Marcus Mariota,WAS,SEA,QB,4500,10.2,8.37168,0.3,0.0,6176234,13
2026-09-27,153769,AJ Barner,SEA,WAS,TE,3100,5.6,4.8918800000000005,1.5,-8.3,6176234,13
2026-09-27,153769,Cooper Kupp,SEA,WAS,WR,4000,5.1,5.5767,1.0,3.4,6176234,13
2026-09-27,153769,Malachi Fields,NYG,TEN,WR,4400,5.2,5.6124,0.8,6.8,6176198,13
2026-09-27,153769,Jameis Winston,NYG,TEN,QB,4000,12.6,8.463840000000001,5.7,-73.9,6176198,13
2026-09-27,153769,Darnell Mooney,NYG,TEN,WR,4100,3.5,5.0055,0.4,6.8,6176198,13
2026-09-27,153769,Elic Ayomanor,TEN,NYG,WR,3300,3.2,4.8984,0.5,-3.4,6176198,13
2026-09-27,153769,Gunnar Helm,TEN,NYG,TE,2900,5.8,4.98784,2.4,-16.7,6176198,13
2026-09-27,153769,Tony Pollard,TEN,NYG,RB,5400,7.5,6.549250000000001,3.1,3.4,6176198,13
2026-09-27,153769,Calvin Ridley,TEN,NYG,WR,4000,3.1,4.8627,0.4,-1.7,6176198,13
2026-09-27,153769,Carnell Tate,TEN,NYG,WR,5000,8.1,6.6476999999999995,2.3,11.9,6176198,13
2026-09-27,153769,Isaiah Likely,NYG,TEN,TE,4700,9.8,6.90704,3.0,16.7,6176198,13
2026-09-27,153769,Tyjae Spears,TEN,NYG,RB,4900,3.1,5.331770000000001,0.9,0.0,6176198,13
2026-09-27,153769,Malik Nabers,NYG,TEN,WR,6500,11.9,8.004299999999999,3.9,25.4,6176198,13
2026-09-27,153769,Wan'Dale Robinson,TEN,NYG,WR,4500,7.5,6.4334999999999996,2.6,-3.4,6176198,13
2026-09-27,153769,Jacoby Brissett,ARI,SF,QB,4800,13.6,8.50224,1.5,-13.0,6176246,13
2026-09-27,153769,Trey McBride,ARI,SF,TE,6700,17.0,10.361600000000001,9.5,8.3,6176246,13
2026-09-27,153769,Jeremiyah Love,ARI,SF,RB,5500,5.6,6.02352,1.7,0.0,6176246,13
2026-09-27,153769,Marvin Harrison Jr.,ARI,SF,WR,4700,6.1,5.9337,1.1,6.8,6176246,13
2026-09-27,153769,Tyler Allgeier,ARI,SF,RB,5000,4.8,5.802160000000001,1.5,0.0,6176246,13
2026-09-27,153769,Michael Wilson,ARI,SF,WR,5200,10.1,7.361699999999999,5.1,3.4,6176246,13
2026-09-27,153769,Christian McCaffrey,SF,ARI,RB,8300,8.6,6.85362,1.7,20.7,6176246,13
2026-09-27,153769,Brock Purdy,SF,ARI,QB,6500,17.1,8.63664,0.6,52.2,6176246,13
2026-09-27,153769,Bucky Irving,TB,MIN,RB,6300,12.8,8.01576,9.0,-3.4,6176054,13
2026-09-27,153769,T.J. Hockenson,MIN,TB,TE,3200,7.8,5.94744,7.4,-37.5,6176054,13
2026-09-27,153769,Cade Otton,TB,MIN,TE,3100,6.6,5.37168,3.3,-16.7,6176054,13
2026-09-27,153769,Jordan Addison,MIN,TB,WR,4900,8.0,6.612,2.4,6.8,6176054,13
2026-09-27,153769,Kyler Murray,MIN,TB,QB,5100,16.4,8.60976,7.5,-34.8,6176054,13
2026-09-27,153769,Jalen McMillan,TB,MIN,WR,4100,3.4,4.969799999999999,0.4,1.7,6176054,13
2026-09-27,153769,Emeka Egbuka,TB,MIN,WR,6200,10.5,7.5045,2.8,30.5,6176054,13
2026-09-27,153769,Baker Mayfield,TB,MIN,QB,5300,16.3,8.605920000000001,4.2,-21.7,6176054,13
2026-09-27,153769,Jauan Jennings,MIN,TB,WR,3600,3.1,4.8627,0.4,-3.4,6176054,13
2026-09-27,153769,Josh Oliver,MIN,TB,TE,2500,2.5,3.4045,0.3,-4.2,6176054,13
2026-09-27,153769,Justin Jefferson,MIN,TB,WR,7500,15.8,9.3966,7.6,16.9,6176054,13
2026-09-27,153769,Dak Prescott,DAL,BAL,QB,6700,19.7,8.73648,2.4,39.1,6175523,13
2026-09-27,153769,Lamar Jackson,BAL,DAL,QB,7500,23.1,8.867040000000001,4.2,30.4,6175523,13
2026-09-27,153769,Ryan Flournoy,DAL,BAL,WR,3800,7.5,6.4334999999999996,5.5,-32.2,6175523,13
2026-09-27,153769,CeeDee Lamb,DAL,BAL,WR,7800,18.4,10.3248,13.9,6.8,6175523,13
2026-09-27,153769,Mark Andrews,BAL,DAL,TE,4400,10.7,7.3388599999999995,7.3,0.0,6175523,13
2026-09-27,153769,Javonte Williams,DAL,BAL,RB,6700,13.5,8.20945,8.7,6.9,6175523,13
2026-09-27,153769,Chris Moore,BAL,DAL,WR,3100,3.9,5.1483,1.0,-3.4,6175523,13
2026-09-27,153769,George Pickens,DAL,BAL,WR,6600,13.7,8.646899999999999,7.0,16.9,6175523,13
2026-09-27,153769,Derrick Henry,BAL,DAL,RB,7700,16.5,9.03955,10.8,17.2,6175523,13
2026-09-27,153769,Justice Hill,BAL,DAL,RB,4200,3.7,5.49779,1.3,0.0,6175523,13
2026-09-27,153769,Rashod Bateman,BAL,DAL,WR,4700,10.1,7.361699999999999,8.4,-15.3,6175523,13
2026-09-27,153769,Jake Ferguson,DAL,BAL,TE,4100,7.6,5.8514800000000005,1.7,8.3,6175523,13
2026-09-27,153769,LaJohntay Wester,BAL,DAL,WR,3000,4.8,5.4696,2.2,-10.2,6175523,13
2026-09-27,153769,Tre Tucker,LV,NO,WR,5000,9.1,7.0047,3.8,3.4,6176270,13
2026-09-27,153769,Devaughn Vele,NO,LV,WR,4400,11.0,7.683,19.6,-28.8,6176270,13
2026-09-27,153769,Juwan Johnson,NO,LV,TE,3700,8.1,6.09138,3.9,-8.3,6176270,13
2026-09-27,153769,Chris Olave,NO,LV,WR,7200,17.7,10.0749,17.7,0.0,6176270,13
2026-09-27,153769,Kirk Cousins,LV,NO,QB,4800,13.0,8.4792,0.9,-8.7,6176270,13
2026-09-27,153769,Brock Bowers,LV,NO,TE,6600,11.5,7.7227,1.2,66.7,6176270,13
2026-09-27,153769,Tyler Shough,NO,LV,QB,5400,18.6,8.69424,19.5,-17.4,6176270,13
2026-09-27,153769,Ashton Jeanty,LV,NO,RB,7100,16.8,9.12256,15.6,6.9,6176270,13
2026-09-27,153769,Seahawks,SEA,WAS,DST,3800,7.7,5.564,1.1,72.0,6176234,13
2026-09-27,153769,Chiefs,KC,MIA,DST,3700,7.3,5.564,0.8,80.0,6176096,13
2026-09-27,153769,49ers,SF,ARI,DST,3600,6.4,5.564,0.3,80.0,6176246,13
2026-09-27,153769,Lions,DET,NYJ,DST,3500,6.1,5.564,0.3,56.0,6176138,13
2026-09-27,153769,Giants,NYG,TEN,DST,3400,7.0,5.564,1.3,60.0,6176198,13
2026-09-27,153769,Saints,NO,LV,DST,3300,6.2,5.564,0.5,60.0,6176270,13
2026-09-27,153769,Texans,HOU,IND,DST,3200,6.2,5.564,0.7,60.0,6176192,13
2026-09-27,153769,Vikings,MIN,TB,DST,3100,6.1,5.564,0.8,44.0,6176054,13
2026-09-27,153769,Panthers,CAR,CLE,DST,3000,6.4,5.564,1.9,36.0,6176174,13
2026-09-27,153769,Bengals,CIN,PIT,DST,2900,6.4,5.564,2.8,24.0,6176150,13
2026-09-27,153769,Jaguars,JAX,NE,DST,2900,6.0,5.564,1.4,12.0,6176120,13
2026-09-27,153769,Bills,BUF,LAC,DST,2800,6.0,5.564,2.0,0.0,6176072,13
2026-09-27,153769,Ravens,BAL,DAL,DST,2800,5.6,5.564,1.0,-4.0,6175523,13
2026-09-27,153769,Patriots,NE,JAX,DST,2700,5.6,5.564,1.4,-16.0,6176120,13
2026-09-27,153769,Steelers,PIT,CIN,DST,2700,5.8,5.564,2.0,-20.0,6176150,13
2026-09-27,153769,Raiders,LV,NO,DST,2600,5.7,5.564,2.6,-28.0,6176270,13
2026-09-27,153769,Buccaneers,TB,MIN,DST,2600,6.0,5.564,4.6,-20.0,6176054,13
2026-09-27,153769,Colts,IND,HOU,DST,2500,5.9,5.564,6.0,-40.0,6176192,13
2026-09-27,153769,Browns,CLE,CAR,DST,2500,5.9,5.564,6.0,-40.0,6176174,13
2026-09-27,153769,Titans,TEN,NYG,DST,2400,6.2,5.564,18.7,-24.0,6176198,13
2026-09-27,153769,Cowboys,DAL,BAL,DST,2400,5.1,5.564,1.8,-40.0,6175523,13
2026-09-27,153769,Commanders,WAS,SEA,DST,2300,5.6,5.564,8.8,-60.0,6176234,13
2026-09-27,153769,Cardinals,ARI,SF,DST,2300,5.1,5.564,2.9,-60.0,6176246,13
2026-09-27,153769,Chargers,LAC,BUF,DST,2200,5.0,5.564,3.9,-72.0,6176072,13
2026-09-27,153769,Jets,NYJ,DET,DST,2100,5.2,5.564,10.8,-76.0,6176138,13
2026-09-27,153769,Dolphins,MIA,KC,DST,2000,5.1,5.564,15.7,-84.0,6176096,13
