date,gid,race,track_type,driver,driver_id,start,start_estimated,salary,proj,sd,floor,ceil,own,leverage
2026-09-27,153814,Hollywood Casino 400,intermediate,Kyle Larson,4030,15,1,11000,29.38,27.64,7.04,67.03,7.1,42.9
2026-09-27,153814,Hollywood Casino 400,intermediate,Denny Hamlin,1361,3,1,10500,32.52,27.64,14.5,65.49,8.2,65.7
2026-09-27,153814,Hollywood Casino 400,intermediate,Christopher Bell,4153,1,1,10200,33.96,28.49,16.47,66.17,10.2,51.4
2026-09-27,153814,Hollywood Casino 400,intermediate,Tyler Reddick,4065,19,1,10000,27.48,24.77,8.32,61.78,4.6,14.3
2026-09-27,153814,Hollywood Casino 400,intermediate,Ryan Blaney,4023,8,1,9800,33.96,34.46,4.33,77.8,20.5,25.7
2026-09-27,153814,Hollywood Casino 400,intermediate,Chase Briscoe,4228,6,1,9600,29.79,29.98,7.55,67.68,10.1,31.4
2026-09-27,153814,Hollywood Casino 400,intermediate,Ty Gibbs,4368,4,1,9400,32.38,30.34,12.25,69.93,15.6,28.6
2026-09-27,153814,Hollywood Casino 400,intermediate,Bubba Wallace,4025,9,1,9200,29.52,26.78,10.12,63.8,7.6,45.7
2026-09-27,153814,Hollywood Casino 400,intermediate,Chase Elliott,4062,22,1,9000,29.7,24.1,10.13,63.14,7.6,48.6
2026-09-27,153814,Hollywood Casino 400,intermediate,Joey Logano,3859,2,1,8700,37.96,31.11,17.43,75.06,37.7,5.7
2026-09-27,153814,Hollywood Casino 400,intermediate,William Byron,4184,10,1,8500,27.57,27.44,6.75,64.54,8.3,-11.4
2026-09-27,153814,Hollywood Casino 400,intermediate,Carson Hocevar,4326,14,1,8300,28.03,26.38,8.09,63.29,8.1,5.7
2026-09-27,153814,Hollywood Casino 400,intermediate,Chris Buescher,3989,23,1,8100,30.04,23.84,11.02,64.14,11.0,31.4
2026-09-27,153814,Hollywood Casino 400,intermediate,Brad Keselowski,1816,13,1,7900,27.78,26.19,7.0,63.32,8.9,-14.3
2026-09-27,153814,Hollywood Casino 400,intermediate,Ross Chastain,4001,18,1,7700,28.42,26.11,6.29,63.17,9.9,-5.7
2026-09-27,153814,Hollywood Casino 400,intermediate,Austin Cindric,4180,5,1,7500,27.95,26.41,9.76,59.1,7.0,17.1
2026-09-27,153814,Hollywood Casino 400,intermediate,Alex Bowman,4045,12,1,7300,25.93,26.27,5.77,60.52,7.0,-5.7
2026-09-27,153814,Hollywood Casino 400,intermediate,Josh Berry,4123,11,1,7100,26.33,26.96,5.01,60.92,8.1,-17.1
2026-09-27,153814,Hollywood Casino 400,intermediate,Ryan Preece,4070,7,1,7000,28.94,25.62,12.0,61.47,11.4,-5.7
2026-09-27,153814,Hollywood Casino 400,intermediate,Daniel Suárez,4113,16,1,6900,25.72,24.86,6.02,58.4,6.5,-2.9
2026-09-27,153814,Hollywood Casino 400,intermediate,Erik Jones,4059,27,1,6700,26.92,22.27,9.03,59.2,8.6,-20.0
2026-09-27,153814,Hollywood Casino 400,intermediate,Riley Herbst,4269,33,1,6500,28.9,21.76,10.01,62.25,15.2,-17.1
2026-09-27,153814,Hollywood Casino 400,intermediate,Shane Van Gisbergen,4469,17,1,6400,30.95,26.94,9.41,68.6,35.7,-2.9
2026-09-27,153814,Hollywood Casino 400,intermediate,Connor Zilisch,4481,32,1,6200,28.68,20.96,11.02,57.72,11.3,-11.4
2026-09-27,153814,Hollywood Casino 400,intermediate,AJ Allmendinger,3774,29,1,6000,29.46,21.05,13.41,59.96,16.9,-11.4
2026-09-27,153814,Hollywood Casino 400,intermediate,Zane Smith,4272,31,1,5900,28.62,21.68,11.17,59.72,15.9,-28.6
2026-09-27,153814,Hollywood Casino 400,intermediate,Michael McDowell,3832,20,1,5800,29.16,24.15,9.95,62.21,22.5,-25.7
2026-09-27,153814,Hollywood Casino 400,intermediate,John H. Nemechek,4092,26,1,5700,29.74,21.79,12.31,61.39,23.8,-11.4
2026-09-27,153814,Hollywood Casino 400,intermediate,Austin Hill,4133,35,1,5600,29.14,19.54,14.0,56.34,14.8,-5.7
2026-09-27,153814,Hollywood Casino 400,intermediate,Austin Dillon,3873,21,1,5500,30.64,23.8,12.22,65.46,44.1,-17.1
2026-09-27,153814,Hollywood Casino 400,intermediate,Ricky Stenhouse Jr,3888,30,1,5300,29.8,20.44,14.12,59.29,25.8,-8.6
2026-09-27,153814,Hollywood Casino 400,intermediate,Todd Gilliland,4231,24,1,5200,30.5,22.35,13.42,61.45,37.2,-11.4
2026-09-27,153814,Hollywood Casino 400,intermediate,Noah Gragson,4224,28,1,5100,28.25,21.12,12.23,58.26,22.2,-45.7
2026-09-27,153814,Hollywood Casino 400,intermediate,Cole Custer,4104,25,1,4900,29.53,22.19,13.0,61.37,41.2,-34.3
2026-09-27,153814,Hollywood Casino 400,intermediate,Ty Dillon,4013,34,1,4700,28.9,19.51,14.96,57.98,32.8,-42.9
2026-09-27,153814,Hollywood Casino 400,intermediate,Cody Ware,4125,36,1,4500,26.36,17.0,13.22,50.47,16.6,-57.1
