mode,slot,player,team,line,pp,salary,proj,own
cash,C,Dylan Larkin,DET,F1,PP1,6500,14.62,45.5
cash,C,Ben Kindel,PIT,F3,PP1,4200,8.55,11.0
cash,W,Kyle Connor,WPG,F1,PP1,7700,15.99,30.7
cash,W,Bryan Rust,PIT,F1,PP2,5500,10.74,7.2
cash,W,Matthew Knies,CBJ,F1,PP1,4700,9.97,12.7
cash,D,Moritz Seider,DET,D1,PP1,6800,13.53,17.5
cash,D,Neal Pionk,WPG,D2,PP1,3900,11.05,31.7
cash,G,Igor Shesterkin,NYR,G1,,7100,11.42,18.9
cash,UTIL,Justin Faulk,DET,D3,PP2,3600,9.55,13.2
gpp,C,Dylan Larkin,DET,F1,PP1,6500,14.62,45.5
gpp,C,Mark Scheifele,WPG,F1,PP1,6400,12.05,14.8
gpp,W,Kyle Connor,WPG,F1,PP1,7700,15.99,30.7
gpp,W,Viktor Arvidsson,DET,F1,PP1,5700,12.07,17.5
gpp,W,Lucas Raymond,DET,F1,PP1,6200,12.03,13.2
gpp,D,Neal Pionk,WPG,D2,PP1,3900,11.05,31.7
gpp,D,Justin Faulk,DET,D3,PP2,3600,9.55,13.2
gpp,G,Igor Shesterkin,NYR,G1,,7100,11.42,18.9
gpp,UTIL,Mathieu Olivier,CBJ,F3,,2900,6.79,8.1
