date,player,team,pos,salary,proj,ceiling,own,conf,dk_fppg,games,outs_mean,k_mean
2026-10-03,Drew Rasmussen,TB,P,8800,19.9,19.9,64.1,P-prop,20.0,2,16.6,6.2
2026-10-03,Gerrit Cole,NYY,P,8100,15.4,15.4,19.0,P-prop,18.2,2,16.7,5.1
2026-10-03,Jacob Misiorowski,MIL,P,11100,24.9,24.9,65.0,P-prop,26.9,2,17.6,7.9
2026-10-03,Robbie Ray,SD,P,6500,11.7,11.7,13.0,P-prop,14.1,2,11.4,4.1
2026-10-03,Yandy Díaz,TB,1B/3B,4200,7.2,5.9,23.2,H-slot1*PROJ69%,8.1,2,,
2026-10-03,Jonathan Aranda,TB,1B,3700,7.2,7.1,34.5,H-slot2*PROJ83%,7.6,2,,
2026-10-03,Junior Caminero,TB,3B,6000,7.8,10.3,28.7,H-slot3*PROJ100%,8.9,2,,
2026-10-03,Liam Hicks,TB,C,3700,6.6,6.6,22.5,H-slot4*PROJ84%,7.2,2,,
2026-10-03,Chandler Simpson,TB,OF,3200,6.4,4.1,22.5,H-slot6*PROJ64%,7.1,2,,
2026-10-03,Jonny DeLuca,TB,OF,3300,6.1,5.1,20.7,H-slot7*PROJ70%,6.3,2,,
2026-10-03,Richie Palacios,TB,2B,3000,6.2,6.3,31.3,H-slot8*PROJ89%,6.1,2,,
2026-10-03,Cedric Mullins,TB,OF,3400,5.5,4.4,12.6,H-slot9*PROJ68%,6.0,2,,
2026-10-03,Ben Rice,NYY,1B/C,5400,7.8,10.5,21.7,H-slot1*PROJ99%,9.4,2,,
2026-10-03,Cody Bellinger,NYY,OF,4100,7.4,8.0,27.4,H-slot2*PROJ91%,8.0,2,,
2026-10-03,Heliot Ramos,NYY,OF,2900,6.3,4.1,20.6,H-slot3*PROJ53%,6.4,2,,
2026-10-03,Spencer Jones,NYY,OF,3300,6.7,7.7,34.0,H-slot5*PROJ93%,6.5,2,,
2026-10-03,Anthony Volpe,NYY,2B,3100,5.5,3.2,10.8,H-slot7*PROJ56%,5.9,2,,
2026-10-03,Austin Wells,NYY,C,2200,5.2,5.2,22.6,H-slot8*PROJ80%,4.7,2,,
2026-10-03,Ryan McMahon,NYY,3B,2200,4.7,4.4,21.6,H-slot9*PROJ75%,4.3,2,,
2026-10-03,Jackson Chourio,MIL,OF,5600,8.2,9.4,33.4,H-slot1*PROJ94%,9.8,2,,
2026-10-03,Brice Turang,MIL,2B,5300,7.2,7.0,22.4,H-slot2*PROJ82%,9.2,2,,
2026-10-03,William Contreras,MIL,C,4300,6.8,7.3,26.6,H-slot3*PROJ91%,7.7,2,,
2026-10-03,Andrew Vaughn,MIL,1B,3200,6.1,3.9,24.4,H-slot4*PROJ57%,5.6,2,,
2026-10-03,Garrett Mitchell,MIL,OF,3800,6.2,5.5,19.6,H-slot5*PROJ78%,6.9,2,,
2026-10-03,Luis Lara,MIL,OF,3100,5.2,4.6,30.3,H-slot6*PROJ86%,5.4,2,,
2026-10-03,Joey Ortiz,MIL,3B/SS,3300,5.4,4.5,25.4,H-slot7*PROJ73%,5.4,2,,
2026-10-03,Cooper Pratt,MIL,SS,3000,6.1,5.8,62.3,H-slot8*PROJ90%,7.1,2,,
2026-10-03,David Hamilton,MIL,2B/3B,3200,5.4,3.2,8.2,H-slot9*PROJ56%,5.7,2,,
2026-10-03,Dustin Harris,SD,OF,3200,6.6,6.3,57.2,H-slot2*PROJ96%,6.6,2,,
2026-10-03,Manny Machado,SD,3B,4900,6.2,8.2,24.3,H-slot3*PROJ100%,7.4,2,,
2026-10-03,Ty France,SD,1B,3900,5.5,6.8,18.0,H-slot4*PROJ93%,7.3,2,,
2026-10-03,Jackson Merrill,SD,OF,4500,6.2,7.2,15.5,H-slot5*PROJ92%,8.3,2,,
2026-10-03,Xander Bogaerts,SD,SS,3400,5.2,5.3,37.7,H-slot6*PROJ87%,6.7,2,,
2026-10-03,Jake Cronenworth,SD,2B/3B,2900,4.9,5.5,27.3,H-slot7*PROJ100%,5.8,2,,
2026-10-03,Samad Taylor,SD,OF,3500,5.5,3.2,6.2,H-slot8*PROJ55%,7.5,2,,
2026-10-03,Ethan Salas,SD,C,2600,4.9,3.7,6.7,H-slot9*PROJ56%,4.4,2,,
