recorded,domain,source_id,source,item,metric,value
2026-09-28T23:07:08+00:00,nfl_dfs_ownership,UCspBK9dpUuEOCHvMDD13hgw,Ship It Nation,2026-09-13,own_mae_gain,-0.0211
2026-09-28T23:07:08+00:00,nfl_dfs_ownership,UCspBK9dpUuEOCHvMDD13hgw,Ship It Nation,2026-09-20,own_mae_gain,-0.0098
2026-09-28T23:07:08+00:00,nfl_dfs_ownership,UCspBK9dpUuEOCHvMDD13hgw,Ship It Nation,2026-09-27,own_mae_gain,0.01
2026-09-28T23:07:08+00:00,nfl_dfs_ownership,UCaiuNU2KjKnWDMlvtVFX8DQ,Occupy Fantasy,2026-09-13,own_mae_gain,-0.0049
2026-09-28T23:07:08+00:00,nfl_dfs_ownership,UCaiuNU2KjKnWDMlvtVFX8DQ,Occupy Fantasy,2026-09-20,own_mae_gain,-0.0046
2026-09-28T23:07:08+00:00,nfl_dfs_ownership,UCaiuNU2KjKnWDMlvtVFX8DQ,Occupy Fantasy,2026-09-27,own_mae_gain,0.0023
2026-09-28T23:07:08+00:00,nfl_dfs_ownership,UCV7Fa99NCj5zk9iedqcLYIg,Fantasy Points DFS and Best Ball,2026-09-13,own_mae_gain,-0.0003
2026-09-28T23:07:08+00:00,nfl_dfs_ownership,UCV7Fa99NCj5zk9iedqcLYIg,Fantasy Points DFS and Best Ball,2026-09-20,own_mae_gain,-0.008
2026-09-28T23:07:08+00:00,nfl_dfs_ownership,UCV7Fa99NCj5zk9iedqcLYIg,Fantasy Points DFS and Best Ball,2026-09-27,own_mae_gain,0.0022
2026-09-28T23:07:08+00:00,nfl_dfs_ownership,UCpW2n8LKtTFSdtbh1goDFig,SlyDogg DFS & Bets,2026-09-13,own_mae_gain,-0.0013
2026-09-28T23:07:08+00:00,nfl_dfs_ownership,UCpW2n8LKtTFSdtbh1goDFig,SlyDogg DFS & Bets,2026-09-20,own_mae_gain,0.0055
2026-09-28T23:07:08+00:00,nfl_dfs_ownership,UCpW2n8LKtTFSdtbh1goDFig,SlyDogg DFS & Bets,2026-09-27,own_mae_gain,0.0113
2026-09-28T23:07:08+00:00,nfl_dfs_ownership,UCbje-fp5mSHQhfN-mS-bqVg,Chris Pennell,2026-09-13,own_mae_gain,-0.0016
2026-09-28T23:07:08+00:00,nfl_dfs_ownership,UCbje-fp5mSHQhfN-mS-bqVg,Chris Pennell,2026-09-20,own_mae_gain,0.0094
2026-09-28T23:07:08+00:00,nfl_dfs_ownership,UCbje-fp5mSHQhfN-mS-bqVg,Chris Pennell,2026-09-27,own_mae_gain,0.0155
2026-09-28T23:07:08+00:00,nfl_dfs_ownership,UCi7vxnbsD6_37aZespHfHEg,DK DFS,2026-09-13,own_mae_gain,0.0058
2026-09-28T23:07:08+00:00,nfl_dfs_ownership,UCi7vxnbsD6_37aZespHfHEg,DK DFS,2026-09-20,own_mae_gain,-0.0031
2026-09-28T23:07:08+00:00,nfl_dfs_ownership,UCi7vxnbsD6_37aZespHfHEg,DK DFS,2026-09-27,own_mae_gain,0.0
2026-09-28T23:07:08+00:00,nfl_dfs_ownership,UCFR2oZN0TBEr0Cb9IdVTqLA,Ibe's DFS Sports Betting,2026-09-13,own_mae_gain,-0.0064
2026-09-28T23:07:08+00:00,nfl_dfs_ownership,UCFR2oZN0TBEr0Cb9IdVTqLA,Ibe's DFS Sports Betting,2026-09-20,own_mae_gain,-0.0031
2026-09-28T23:07:08+00:00,nfl_dfs_ownership,UCFR2oZN0TBEr0Cb9IdVTqLA,Ibe's DFS Sports Betting,2026-09-27,own_mae_gain,0.0047
2026-09-28T23:07:08+00:00,nfl_dfs_ownership,UC8Q8fnQQdHNucV98p_RmsCQ,DFS Army - Daily Fantasy Sports,2026-09-13,own_mae_gain,-0.0297
2026-09-28T23:07:08+00:00,nfl_dfs_ownership,UC8Q8fnQQdHNucV98p_RmsCQ,DFS Army - Daily Fantasy Sports,2026-09-20,own_mae_gain,0.0065
2026-09-28T23:07:08+00:00,nfl_dfs_ownership,UC8Q8fnQQdHNucV98p_RmsCQ,DFS Army - Daily Fantasy Sports,2026-09-27,own_mae_gain,-0.001
2026-09-28T23:07:08+00:00,nfl_dfs_ownership,UCqSlg9XDMTcNofm85Vw2tBg,RotoGrinders - Daily Fantasy Sports Advice,2026-09-13,own_mae_gain,0.0328
2026-09-28T23:07:08+00:00,nfl_dfs_ownership,UCqSlg9XDMTcNofm85Vw2tBg,RotoGrinders - Daily Fantasy Sports Advice,2026-09-20,own_mae_gain,-0.0219
2026-09-28T23:07:08+00:00,nfl_dfs_ownership,UCqSlg9XDMTcNofm85Vw2tBg,RotoGrinders - Daily Fantasy Sports Advice,2026-09-27,own_mae_gain,0.0149
2026-09-28T23:07:08+00:00,nfl_dfs_ownership,UCq50hsCKz1BdCWPBgwgqRoA,Fantasy Alarm,2026-09-13,own_mae_gain,0.0051
2026-09-28T23:07:08+00:00,nfl_dfs_ownership,UCq50hsCKz1BdCWPBgwgqRoA,Fantasy Alarm,2026-09-20,own_mae_gain,0.0025
2026-09-28T23:07:08+00:00,nfl_dfs_ownership,UCq50hsCKz1BdCWPBgwgqRoA,Fantasy Alarm,2026-09-27,own_mae_gain,0.0082
2026-09-28T23:07:08+00:00,nfl_dfs_ownership,UC7f-5pxe6WqjEQ6h61YzT0w,One Week Season,2026-09-13,own_mae_gain,0.0027
2026-09-28T23:07:08+00:00,nfl_dfs_ownership,UC7f-5pxe6WqjEQ6h61YzT0w,One Week Season,2026-09-20,own_mae_gain,0.0055
2026-09-28T23:07:08+00:00,nfl_dfs_ownership,UC7f-5pxe6WqjEQ6h61YzT0w,One Week Season,2026-09-27,own_mae_gain,0.0155
2026-09-28T23:07:08+00:00,nfl_dfs_ownership,UCyXqUEjwzowcvj1ILUAhAng,Run Pure Sports | We Build Winners. DFS & Bets,2026-09-13,own_mae_gain,0.0145
2026-09-28T23:07:08+00:00,nfl_dfs_ownership,UCyXqUEjwzowcvj1ILUAhAng,Run Pure Sports | We Build Winners. DFS & Bets,2026-09-20,own_mae_gain,-0.0096
2026-09-28T23:07:08+00:00,nfl_dfs_ownership,UCyXqUEjwzowcvj1ILUAhAng,Run Pure Sports | We Build Winners. DFS & Bets,2026-09-27,own_mae_gain,0.0005
2026-09-28T23:07:08+00:00,nfl_dfs_ownership,UCBUUOH0LmDuWii7zBV7SKrQ,Stokastic DFS - Daily Fantasy Sports Advice,2026-09-13,own_mae_gain,-0.0467
2026-09-28T23:07:08+00:00,nfl_dfs_ownership,UCBUUOH0LmDuWii7zBV7SKrQ,Stokastic DFS - Daily Fantasy Sports Advice,2026-09-20,own_mae_gain,0.0014
2026-09-28T23:07:08+00:00,nfl_dfs_ownership,UCBUUOH0LmDuWii7zBV7SKrQ,Stokastic DFS - Daily Fantasy Sports Advice,2026-09-27,own_mae_gain,-0.0158
2026-09-28T23:07:08+00:00,nfl_dfs_ownership,UCDsGKh5UT53E1wfmzDTIl1w,Peter Overzet,2026-09-13,own_mae_gain,0.0038
2026-09-28T23:07:08+00:00,nfl_dfs_ownership,UCDsGKh5UT53E1wfmzDTIl1w,Peter Overzet,2026-09-20,own_mae_gain,-0.0104
2026-09-28T23:07:08+00:00,nfl_dfs_ownership,UCDsGKh5UT53E1wfmzDTIl1w,Peter Overzet,2026-09-27,own_mae_gain,-0.0088
2026-09-28T23:07:08+00:00,nfl_dfs_ownership,UCSUcbEzV-rQbkv6l-BCGRow,"Heat Seekr Sports | NFL DFS PICKS, ADVICE, LINEUPS",2026-09-13,own_mae_gain,-0.0082
2026-09-28T23:07:08+00:00,nfl_dfs_ownership,UCSUcbEzV-rQbkv6l-BCGRow,"Heat Seekr Sports | NFL DFS PICKS, ADVICE, LINEUPS",2026-09-20,own_mae_gain,0.0025
2026-09-28T23:07:08+00:00,nfl_dfs_ownership,UCSUcbEzV-rQbkv6l-BCGRow,"Heat Seekr Sports | NFL DFS PICKS, ADVICE, LINEUPS",2026-09-27,own_mae_gain,-0.0015
2026-09-28T23:07:08+00:00,nfl_dfs_ownership,UCn4SxKzq-0X3HyfGPyxA2kA,Tory Langley,2026-09-13,own_mae_gain,-0.0018
2026-09-28T23:07:08+00:00,nfl_dfs_ownership,UCn4SxKzq-0X3HyfGPyxA2kA,Tory Langley,2026-09-20,own_mae_gain,-0.0024
2026-09-28T23:07:08+00:00,nfl_dfs_ownership,UCn4SxKzq-0X3HyfGPyxA2kA,Tory Langley,2026-09-27,own_mae_gain,-0.001
2026-09-28T23:07:08+00:00,nfl_dfs_ownership,UCJrBgtSiXKOdpoyvVqqhWww,Mayo Media Network,2026-09-13,own_mae_gain,0.018
2026-09-28T23:07:08+00:00,nfl_dfs_ownership,UCJrBgtSiXKOdpoyvVqqhWww,Mayo Media Network,2026-09-20,own_mae_gain,0.0155
2026-09-28T23:07:08+00:00,nfl_dfs_ownership,UCJrBgtSiXKOdpoyvVqqhWww,Mayo Media Network,2026-09-27,own_mae_gain,0.0011
2026-09-28T23:07:08+00:00,nfl_dfs_ownership,UCF7KdPBirNZhXEVgPVgJnyQ,Fantasy Six Pack,2026-09-13,own_mae_gain,-0.0013
2026-09-28T23:07:08+00:00,nfl_dfs_ownership,UCF7KdPBirNZhXEVgPVgJnyQ,Fantasy Six Pack,2026-09-20,own_mae_gain,0.0002
2026-09-28T23:07:08+00:00,nfl_dfs_ownership,UCF7KdPBirNZhXEVgPVgJnyQ,Fantasy Six Pack,2026-09-27,own_mae_gain,0.0047
2026-09-28T23:07:08+00:00,nfl_dfs_ownership,UC2ABV7RHP05koO-wHbh7q-w,Fantasy Football Consultants,2026-09-13,own_mae_gain,0.002
2026-09-28T23:07:08+00:00,nfl_dfs_ownership,UC2ABV7RHP05koO-wHbh7q-w,Fantasy Football Consultants,2026-09-20,own_mae_gain,0.0045
2026-09-28T23:07:08+00:00,nfl_dfs_ownership,UC2ABV7RHP05koO-wHbh7q-w,Fantasy Football Consultants,2026-09-27,own_mae_gain,0.0005
2026-09-28T23:07:08+00:00,nfl_dfs_ownership,UCbpJHjwQn5mJyTlmBC5eYeg,Neil Orfield,2026-09-20,own_mae_gain,0.0002
2026-09-28T23:07:08+00:00,nfl_dfs_ownership,UCbpJHjwQn5mJyTlmBC5eYeg,Neil Orfield,2026-09-27,own_mae_gain,0.0113
2026-09-28T23:07:08+00:00,nfl_dfs_ownership,UChjRIs14reAo-on9z5iHJFA,Davis Mattek,2026-09-20,own_mae_gain,0.0
2026-09-28T23:07:08+00:00,nfl_dfs_ownership,UChjRIs14reAo-on9z5iHJFA,Davis Mattek,2026-09-27,own_mae_gain,-0.0116
2026-09-28T23:07:08+00:00,nfl_dfs_ownership,UCHRZLqpFwEIJ3VeTxMuq0iQ,925 Sports,2026-09-27,own_mae_gain,0.0018
2026-09-28T23:07:08+00:00,nfl_dfs_ownership,UCviK78rIWXhZdFzJ1Woi7Fg,Fantasy Football Today,2026-09-27,own_mae_gain,-0.0005
