date,game,video_id,channel_id,channel,views,aired,pick,quote
2026-09-28,PHI@CHI,L4lwyUWZDdQ,UCsyYwtlAzNCsCk2uLa4B1Cg,Hold The Phone,50825,2026-09-28T03:56+00:00,PHI,Give us the Eagles minus four.
2026-09-28,PHI@CHI,A0qfe9Q4pPM,UCVtnLXbX0GeiV8CfM1-m_WA,Guy Boston Sports,30338,2026-09-27T19:30+00:00,CHI,"So yeah, give me the Bears plus the four and a half."
2026-09-28,PHI@CHI,n6_Na2qwX9M,UCZmtXolnY7-z9HLiBESjkyQ,SportsLine,10046,2026-09-28T16:36+00:00,PHI,"So, give me the Eagles minus three and a half."
2026-09-28,PHI@CHI,PZaechOq_m8,UC22tFD4XzWM2HZELac7YGNQ,Calling Our Shot,10017,2026-09-28T02:15+00:00,CHI,I like the Bears plus the points.
2026-09-28,PHI@CHI,gsRKgQum8EY,UCbxXLZ-uHOY-QrsL1rMbXew,"Doc's Sports Picks, Best Bets, Predictions & Odds",9344,2026-09-28T01:04+00:00,CHI,Give me the Bears plus three and a half.
2026-09-28,PHI@CHI,lt5fIO5UG3k,UCmobk1Mhnx4JewEmuybzhXw,"DFSnDonuts Sports Betting, Free Picks, Best Bets",8896,2026-09-28T14:03+00:00,PHI,70% of them about 142ish have bet on are taking the Eagles minus three.
2026-09-28,PHI@CHI,WqErwuAREGk,UCNLTjT8_c2gyVNDIKf2YwEw,WagerTalk TV: Sports Picks and Betting Tips,3888,2026-09-27T15:47+00:00,CHI,I'll take the points with the Bears.
2026-09-28,PHI@CHI,3RkbsZzelD4,UC0VAKtL1vbPE-QXgnNNxqMg,Beating The Odds,2124,2026-09-28T15:04+00:00,CHI,So give me the Bears plus 4 and a half versus the Eagles here in this game.
2026-09-28,PHI@CHI,tjtwURbefpE,UCpPe3ydV1aUL3atXLX0uoGg,Covers NFL Predictions & Previews,1120,2026-09-26T21:09+00:00,CHI,Uh give me Chicago plus the points here.
